id,quizId,type,question,options,correctAnswer,items,text,blanks,distractors,sentence,words,correctWordIndexes,image
q-1770211296984-0,quiz-1770205530380,MCQ,Mục đích chính của việc quy đồng mẫu số hai phân số là gì?,A. Để làm cho tử số bằng nhau|B. Để đưa hai phân số về cùng một mẫu số|C. Để làm cho phân số nhỏ đi|D. Để biến đổi phân số thành số tự nhiên,B,,,,,,,,
q-1770211296984-1,quiz-1770205530380,MCQ,Mẫu số chung nhỏ nhất của hai phân số $\frac{1}{3}$ và $\frac{1}{6}$ là bao nhiêu?,A. 3|B. 6|C. 9|D. 18,B,,,,,,,,
q-1770211296984-2,quiz-1770205530380,SHORT_ANSWER,Tìm mẫu số chung nhỏ nhất của hai phân số $\frac{2}{5}$ và $\frac{3}{10}$.,,10,,,,,,,,
q-1770211296984-3,quiz-1770205530380,TRUE_FALSE,Đánh giá các phát biểu sau về việc chọn mẫu số chung (MSC):,,,"[{""statement"":""MSC phải là số chia hết cho mẫu số của cả hai phân số."",""isCorrect"":true},{""statement"":""MSC bắt buộc phải là tích của hai mẫu số."",""isCorrect"":false}]",,,,,,,
q-1770211296984-4,quiz-1770205530380,MCQ,"Khi quy đồng mẫu số hai phân số $\frac{5}{9}$ và $\frac{4}{3}$, ta nên chọn mẫu số chung là số nào để đơn giản nhất?",A. 27|B. 12|C. 9|D. 3,C,,,,,,,,
q-1770211296984-6,quiz-1770205530380,MCQ,"Để quy đồng mẫu số phân số $\frac{3}{4}$ thành phân số có mẫu số là 12, ta cần nhân cả tử và mẫu của phân số đó với số nào?",A. 2|B. 3|C. 4|D. 5,B,,,,,,,,
q-1770211296984-7,quiz-1770205530380,SHORT_ANSWER,Điền số thích hợp vào chỗ chấm: $\frac{2}{5}$ = \frac{...}{15}$,,6,,,,,,,,
q-1770211296984-8,quiz-1770205530380,MULTIPLE_SELECT,Những số nào sau đây có thể dùng làm mẫu số chung cho hai phân số $\frac{1}{2}$ và $\frac{1}{5}$? (Chọn tất cả đáp án đúng)(MSC chia hết cho cả 2 và 5),A. 10|B. 15|C. 20|D. 7,"[""A"",""C""]",,,,,,,,
q-1770211296984-9,quiz-1770205530380,MCQ,Phân số nào dưới đây đã được quy đồng từ phân số $\frac{1}{2}$ với mẫu số chung là 8?,A. $\frac{2}{8}$|B. $\frac{4}{8}$|C. $\frac{1}{8}$|D. $\frac{6}{8}$,B,,,,,,,,
q-1770211296984-10,quiz-1770205530380,MCQ,"Quy đồng mẫu số hai phân số $\frac{1}{2}$ và $\frac{3}{4}$, ta được hai phân số nào?",A. $\frac{2}{4}$ và $\frac{3}{4}$|B. $\frac{1}{4}$ và $\frac{3}{4}$|C. $\frac{4}{4}$ và $\frac{3}{4}$|D. $\frac{3}{4}$ và $\frac{3}{4}$,A,,,,,,,,
q-1770211296984-11,quiz-1770205530380,MCQ,Quy đồng mẫu số các phân số $\frac{1}{2}$ và $\frac{3}{10}$ với mẫu số chung là 10. Kết quả là:,A. $\frac{5}{10}$ và $\frac{3}{10}$|B. $\frac{1}{10}$ và $\frac{6}{10}$|C. $\frac{5}{10}$ và $\frac{6}{10}$|D. $\frac{2}{10}$ và $\frac{5}{10}$,A,,,,,,,,
q-1770211296984-12,quiz-1770205530380,DRAG_DROP,Điền các số thích hợp vào chỗ trống để hoàn thành quy đồng mẫu số:,,,,"Quy đồng mẫu số $\frac{3}{4}$ và $\frac{5}{8}$ (MSC là 8):
Giữ nguyên phân số [5/8].
Biến đổi: $\frac{3}{4} = \frac{3 \times 2}{4 \times 2} = $ [6/8].","[""5/8"",""6/8""]","[""3/8"",""8/8""]",,,,
q-1770211296984-18,quiz-1770205530380,DROPDOWN,Chọn số thích hợp để hoàn thành phép quy đồng:,,,,"Quy đồng $\frac{7}{9}$ và $\frac{2}{3}$:
Ta chọn MSC là [1].
Ta có $\frac{2}{3} = \frac{2 \times 3}{3 \times 3} = $ [2].","[{""id"":""blank-1"",""options"":[""9"",""27"",""3""],""correctAnswer"":""9""},{""id"":""blank-2"",""options"":[""6/9"",""5/9"",""7/9""],""correctAnswer"":""6/9""}]",[],,,,
q-1770211296984-20,quiz-1770205530380,MCQ,"Quy đồng mẫu số ba phân số: $\frac{1}{2}$ ; $\frac{1}{3}$ ; $\frac{1}{5}$. Mẫu số chung nhỏ nhất là: (MSC  nhỏ nhất là số chia hết cho 2,3 và 5)",A. 10|B. 15|C. 30|D. 60,C,,,,,,,,
q-1770211296984-23,quiz-1770205530380,TRUE_FALSE,Bạn Lan quy đồng mẫu số hai phân số $\frac{5}{12}$ và $\frac{3}{4}$. Hãy kiểm tra bài làm của Lan:,,,"[{""statement"":""Lan chọn MSC là 12."",""isCorrect"":true},{""statement"":""Lan biến đổi $\\frac{3}{4}$ thành $\\frac{9}{12}$."",""isCorrect"":true},{""statement"":""Lan biến đổi $\\frac{5}{12}$ thành $\\frac{15}{12}$."",""isCorrect"":false}]",,,,,,,
q-1770211296984-24,quiz-1770205530380,DRAG_DROP,Điền từ thích hợp vào chỗ trống để hoàn thành câu kết luận:,,,,"Muốn quy đồng mẫu số hai phân số, ta có thể lấy tử số và mẫu số của phân số thứ nhất [nhân] với mẫu số của phân số thứ hai. Sau đó, lấy tử số và mẫu số của phân số thứ hai nhân với [mẫu số] của phân số thứ nhất.","[""nhân"",""mẫu số""]","[""chia"",""tử số""]",,,,
q-1770211296984-25,quiz-1770205530380,MCQ,Mẹ có một cái bánh. Mẹ cho Anh $\frac{1}{2}$ cái bánh và cho Em $\frac{1}{4}$ cái bánh. Hỏi ai được nhiều bánh hơn?,A. Anh|B. Em|C. Hai người bằng nhau|D. Không so sánh được,A,,,,,,,,
q-1770211296984-26,quiz-1770205530380,SHORT_ANSWER,"Tìm mẫu số chung nhỏ nhất của ba phân số: $\frac{2}{3}$ ; $\frac{3}{4}$ ; $\frac{4}{5}$. (Số nhỏ nhất chia hết cho 3, 4 và 5)",,60,,,,,,,,
q-1770211296984-29,quiz-1770205530380,SHORT_ANSWER,"Một vòi nước chảy vào bể. Giờ đầu chảy được $\frac{2}{5}$ bể, giờ thứ hai chảy được $\frac{4}{10}$ bể. Hỏi sau 2 giờ vòi chảy được bao nhiêu phần bể? (Viết kết quả dưới dạng phân số tối giản a/b)",,4/5,,,,,,,,
q-manual-1770212602050,quiz-1770205530380,MCQ,"Quy đồng mẫu số hai phân số $\frac{1}{17}$  và $\frac{5}{34}$ với mẫu số chung nhỏ nhất, ta được hai phân số mới lần lượt là",$\frac{5}{17}$ và $\frac{1}{17}$ |$\frac{5}{34}$ và $\frac{17}{34}$|$\frac{1}{34}$ và $\frac{5}{34}$|$\frac{2}{34}$ và $\frac{5}{34}$,D,,,,,,,,
q-1770115951320-0,quiz-1770115951320,MCQ,Điền dấu thích hợp vào chỗ chấm: $\frac{3}{7}$ ... $\frac{5}{7}$,A. >|B. <|C. =|D. Không so sánh được,B,,,,,,,,
q-1770115951320-1,quiz-1770115951320,MCQ,Phân số nào lớn hơn trong hai phân số sau: $\frac{8}{15}$ và $\frac{11}{15}$?,A. $\frac{8}{15}$|B. $\frac{11}{15}$|C. Hai phân số bằng nhau|D. Không xác định,B,,,,,,,,
q-1770115951320-2,quiz-1770115951320,TRUE_FALSE,Đánh giá tính đúng sai của các phép so sánh sau:,,,"[{""statement"":""$\\frac{4}{9}$ < \\frac{7}{9}$"",""isCorrect"":true},{""statement"":""$\\frac{12}{20}$ > \\frac{15}{20}$"",""isCorrect"":false},{""statement"":""$\\frac{5}{5}$ = 1$"",""isCorrect"":true}]",,,,,,,
q-1770115951320-3,quiz-1770115951320,SHORT_ANSWER,"Điền dấu (>, <, =) thích hợp vào chỗ trống: $\frac{9}{10}$ ... $\frac{7}{10}$",,>,,,,,,,,
q-1770115951320-4,quiz-1770115951320,MATCHING,,,,"[{""left"":""$\\frac{2}{5}$ ... $\\frac{4}{5}$"",""right"":""<""},{""left"":""$\\frac{7}{8}$ ... $\\frac{3}{8}$"",""right"":"">""},{""left"":""$\\frac{6}{6}$ ... $\\frac{9}{9}$"",""right"":""=""}]",,,,,,,
q-1770115951320-5,quiz-1770115951320,MCQ,"Trong các phân số sau, phân số nào lớn nhất: $\frac{2}{9}$ , $\frac{5}{9}$ , $\frac{1}{9}$ , $\frac{8}{9}$?",A. $\frac{2}{9}$|B. $\frac{5}{9}$|C. $\frac{1}{9}$|D. $\frac{8}{9}$,D,,,,,,,,
q-1770115951320-6,quiz-1770115951320,MCQ,"Trong các phân số sau, phân số nào bé nhất: $\frac{12}{17}$ , $\frac{5}{17}$ , $\frac{15}{17}$ , $\frac{8}{17}$?",A. $\frac{12}{17}$|B. $\frac{5}{17}$|C. $\frac{15}{17}$|D. $\frac{8}{17}$,B,,,,,,,,
q-1770115951320-7,quiz-1770115951320,MULTIPLE_SELECT,Chọn tất cả các phân số bé hơn $\frac{5}{8}$ trong các lựa chọn sau:,A. $\frac{3}{8}$|B. $\frac{7}{8}$|C. $\frac{1}{8}$|D. $\frac{6}{8}$,"[""A"",""C""]",,,,,,,,
q-1770115951320-8,quiz-1770115951320,DRAG_DROP,Điền từ thích hợp vào chỗ trống để hoàn thành quy tắc so sánh:,,,,Trong hai phân số cùng mẫu số: Phân số nào có tử số bé hơn thì [bé hơn]. Phân số nào có tử số [lớn hơn] thì lớn hơn.,"[""bé hơn"",""lớn hơn""]","[""bằng nhau"",""khác nhau""]",,,,
q-1770115951320-10,quiz-1770115951320,SHORT_ANSWER,"Điền dấu (>, <, =) thích hợp: $1$ ... $\frac{5}{4}$",,<,,,,,,,,
q-1770115951320-11,quiz-1770115951320,MCQ,Phân số nào dưới đây bằng 1?,A. $\frac{4}{5}$|B. $\frac{7}{7}$|C. $\frac{9}{8}$|D. $\frac{1}{2}$,B,,,,,,,,
q-1770115951320-13,quiz-1770115951320,MULTIPLE_SELECT,Những phân số nào sau đây lớn hơn $\frac{4}{7}$?,A. $\frac{2}{7}$|B. $\frac{5}{7}$|C. $\frac{6}{7}$|D. $\frac{3}{7}$,"[""B"",""C""]",,,,,,,,
q-1770115951320-14,quiz-1770115951320,MATCHING,,,,"[{""left"":""$\\frac{3}{5}$"",""right"":""Bé hơn $\\frac{4}{5}$""},{""left"":""$\\frac{8}{5}$"",""right"":""Lớn hơn $\\frac{4}{5}$""},{""left"":""$\\frac{4}{5}$"",""right"":""Bằng $\\frac{4}{5}$""}]",,,,,,,
q-1770115951320-15,quiz-1770115951320,MCQ,"Sắp xếp các phân số $\frac{5}{6}$ , $\frac{1}{6}$ , $\frac{3}{6}$ theo thứ tự từ bé đến lớn:","A. $\frac{1}{6}$ , $\frac{5}{6}$ , $\frac{3}{6}$|B. $\frac{1}{6}$ , $\frac{3}{6}$ , $\frac{5}{6}$|C. $\frac{5}{6}$ , $\frac{3}{6}$ , $\frac{1}{6}$|D. $\frac{3}{6}$ , $\frac{1}{6}$ , $\frac{5}{6}$",B,,,,,,,,
q-1770115951320-16,quiz-1770115951320,SHORT_ANSWER,Tìm số tự nhiên x biết: $\frac{x}{5}$ $<$ $\frac{2}{5}$  (x khác 0),,1,,,,,,,,
q-1770115951320-17,quiz-1770115951320,MULTIPLE_SELECT,Chọn các phân số vừa lớn hơn $\frac{2}{9}$ vừa bé hơn $\frac{6}{9}$:,A. $\frac{1}{9}$|B. $\frac{3}{9}$|C. $\frac{4}{9}$|D. $\frac{7}{9}$,"[""B"",""C""]",,,,,,,,
q-1770115951320-18,quiz-1770115951320,DRAG_DROP,Điền các phân số còn thiếu vào dãy phân số theo thứ tự <i>tăng dần</i>:,,,,"$\frac{1}{8}, [\frac{3}{8}], \frac{5}{8}, [\frac{7}{8}]$","[""$\\frac{3}{8}$"",""$\\frac{7}{8}$""]","[""$\\frac{0}{8}$""]",,,,
q-1770115951320-20,quiz-1770115951320,TRUE_FALSE,Bạn Lan nói về các phân số. Hãy kiểm tra xem Lan nói đúng hay sai:,,,"[{""statement"":""Nếu mẫu số bằng nhau, phân số nào có tử số lớn hơn thì lớn hơn."",""isCorrect"":true},{""statement"":""Phân số $\\frac{3}{4}$ lớn hơn phân số $\\frac{5}{4}$."",""isCorrect"":false}]",,,,,,,
q-1770115951320-21,quiz-1770115951320,SHORT_ANSWER,Tìm số tự nhiên x biết: $\frac{3}{8}$ < $\frac{x}{8}$ < \frac{5}{8}$,,4,,,,,,,,
q-1770115951320-22,quiz-1770115951320,MATCHING,,,,"[{""left"":""$\\frac{1}{5}$ + \\frac{2}{5}$"",""right"":""Bé hơn $\\frac{4}{5}$""},{""left"":""$\\frac{3}{5}$ + \\frac{2}{5}$"",""right"":""Bằng $\\frac{5}{5}$""},{""left"":""$\\frac{4}{5}$ + \\frac{2}{5}$"",""right"":""Lớn hơn $\\frac{5}{5}$""}]",,,,,,,
q-1770115951320-24,quiz-1770115951320,MCQ,"Mẹ chia cái bánh thành 8 phần bằng nhau. Hùng ăn $\frac{2}{8}$ cái bánh, Dũng ăn $\frac{3}{8}$ cái bánh. Ai ăn nhiều bánh hơn?",A. Hùng|B. Dũng|C. Hai bạn ăn bằng nhau|D. Không so sánh được,B,,,,,,,,
q-1770115951320-25,quiz-1770115951320,MCQ,Lớp 4A có $\frac{3}{5}$ số học sinh là nữ. Lớp 4B có $\frac{4}{5}$ số học sinh là nữ (sĩ số hai lớp bằng nhau). Lớp nào có số học sinh nữ nhiều hơn?,A. Lớp 4A|B. Lớp 4B|C. Hai lớp bằng nhau|D. Không xác định,B,,,,,,,,
q-1770115951320-26,quiz-1770115951320,MULTIPLE_SELECT,Một quyển sách có 100 trang. Ngày đầu Lan đọc được $\frac{2}{10}$ quyển sách. Ngày thứ hai Lan đọc được $\frac{3}{10}$ quyển sách. Chọn các phát biểu đúng:,A. Ngày thứ hai đọc nhiều hơn ngày đầu.|B. Ngày đầu đọc nhiều hơn ngày thứ hai.|C. Cả hai ngày đọc được $\frac{5}{10}$ quyển sách.|D. Cả hai ngày đọc được $\frac{4}{10}$ quyển sách.,"[""A"",""C""]",,,,,,,,
q-1770115951320-27,quiz-1770115951320,SHORT_ANSWER,Có hai vòi nước cùng chảy vào bể. Vòi thứ nhất chảy được $\frac{3}{7}$ bể. Vòi thứ hai chảy được $\frac{2}{7}$ bể. Hỏi còn bao nhiêu phần bể chưa có nước? (Điền phân số dạng a/b),,2/7,,,,,,,,
q-1770115951320-28,quiz-1770115951320,DRAG_DROP,Điền từ thích hợp vào chỗ trống để hoàn thành bài toán:,,,,"An có một gói kẹo. An cho Bình $\frac{3}{10}$ gói kẹo, cho Chi $\frac{4}{10}$ gói kẹo. Vậy An đã cho Chi [nhiều hơn] cho Bình. Số kẹo An còn lại là [3/10] gói.","[""nhiều hơn"",""$\\frac{3}{10}$""]","[""ít hơn"",""7""]",,,,
q-1770112091029-0,quiz-1770112091029,MCQ,Chủ ngữ trong câu <b>nêu hoạt động</b> thường trả lời cho câu hỏi nào?,"Làm gì?|Thế nào?|Ai, cái gì, con gì?|Ở đâu?",C,,,,,,,,
q-1770112091029-1,quiz-1770112091029,MCQ,"Trong câu ""<b>Đàn hải âu đang chao lượn trên bầu trời</b>."", bộ phận nào là chủ ngữ?",Đàn hải âu|đang chao lượn|trên bầu trời|chao lượn,A,,,,,,,,
q-1770112091029-3,quiz-1770112091029,UNDERLINE,Gạch chân dưới chủ ngữ trong câu sau:,,[],[],,,,,,,
q-1770112091029-5,quiz-1770112091029,TRUE_FALSE,Đánh giá các phát biểu sau về chủ ngữ:,,,"[{""statement"":""Chủ ngữ thường đứng trước vị ngữ trong câu kể."",""isCorrect"":true},{""statement"":""Chủ ngữ luôn luôn chỉ có một từ đơn."",""isCorrect"":false}]",,,,,,,
q-1770112091029-8,quiz-1770112091029,MATCHING,,,,"[{""left"":""Cô giáo đang giảng bài."",""right"":""Ai đang giảng bài?""},{""left"":""Chiếc xe đạp chạy bon bon."",""right"":""Cái gì chạy bon bon?""},{""left"":""Chú mèo đang sưởi nắng."",""right"":""Con gì đang sưởi nắng?""}]",,,,,,,
q-1770112091029-12,quiz-1770112091029,MCQ,"Trong câu 'Dưới bóng tre xanh, đã từ lâu đời, người dân cày Việt Nam dựng nhà, dựng cửa, vỡ ruộng, khai hoang.', chủ ngữ là gì?","Dưới bóng tre xanh|người dân cày Việt Nam|đã từ lâu đời|dựng nhà, dựng cửa",B,,,,,,,,
q-1770112091029-13,quiz-1770112091029,TRUE_FALSE,Xác định đúng/sai về thành phần chủ ngữ trong các câu sau:,,,"[{""statement"":""Trong câu 'Tiếng mưa rơi lộp độp.', chủ ngữ là 'Tiếng mưa'."",""isCorrect"":true},{""statement"":""Trong câu 'Hôm nay, trời đẹp.', chủ ngữ là 'Hôm nay'."",""isCorrect"":false}]",,,,,,,
q-1770112091029-14,quiz-1770112091029,SHORT_ANSWER,"Tìm chủ ngữ trong câu: 'Sáng sớm, bà em đã ra vườn tưới rau.'",,bà em,,,,,,,,
q-1770112091029-15,quiz-1770112091029,MULTIPLE_SELECT,Những câu nào dưới đây có chủ ngữ chỉ người? (Chọn tất cả đáp án đúng),Bố em đang đọc báo.|Con mèo trèo cây cau.|Cô y tá tiêm thuốc cho bệnh nhân.|Chiếc quạt quay vù vù.,"[""A"",""C""]",,,,,,,,
q-1770112091029-16,quiz-1770112091029,MULTIPLE_SELECT,Chọn các câu có chủ ngữ là một cụm danh từ ,Gió thổi mạnh.|Những bông hoa hồng đang tỏa hương thơm ngát.|Mây bay.|Những chiếc áo len màu đỏ này rất ấm.,"[""B"",""D""]",,,,,,,,
q-1770112091029-17,quiz-1770112091029,DRAG_DROP,"Điền các chủ ngữ thích hợp trong ngoặc vào chỗ trống: (Những chú chim, Mặt hồ)",,,,[Mặt hồ] phẳng lặng như một tấm gương khổng lồ. [Những chú chim] hót líu lo chào ngày mới.,"[""Mặt hồ"",""Những chú chim""]","[""Cánh rừng"",""Bầu trời""]",,,,
q-1770112091029-18,quiz-1770112091029,DRAG_DROP,"Phân biệt chủ ngữ và vị ngữ trong câu sau bằng cách điền vào chỗ trống: (Chị Võ Thị Sáu, người con gái đất Đỏ)",,,,Chủ ngữ trong câu 'Chị Võ Thị Sáu là người con gái đất Đỏ' là [Chị Võ Thị Sáu]. Vị ngữ là [là người con gái đất Đỏ].,"[""Chị Võ Thị Sáu"",""là người con gái đất Đỏ""]","[""đất Đỏ"",""người con gái""]",,,,
q-1770112091029-20,quiz-1770112091029,MATCHING,,,,"[{""left"":""Mặt trời"",""right"":""tỏa ánh nắng rực rỡ.""},{""left"":""Bác bảo vệ"",""right"":""đánh trống báo hiệu giờ vào lớp.""},{""left"":""Con chim sơn ca"",""right"":""có giọng hót rất hay.""}]",,,,,,,
q-1770112091029-22,quiz-1770112091029,UNDERLINE,Gạch chân dưới chủ ngữ trong câu sau:,,[],[],,,,,,,
q-1770112091029-23,quiz-1770112091029,MCQ,"Trong câu: 'Ngoài vườn, những bông hoa hồng đang đua nhau khoe sắc.', chủ ngữ là:",Ngoài vườn|những bông hoa hồng|đang đua nhau|khoe sắc,B,,,,,,,,
q-1770112091029-26,quiz-1770112091029,MULTIPLE_SELECT,"Trong các câu sau, câu nào chủ ngữ đóng vai trò là 'người thực hiện hành động' (câu nêu hoạt động)?",Bé Mai đang tập viết.|Mái tóc của bà bạc trắng.|Các bác nông dân đang gặt lúa.|Bầu trời hôm nay rất xanh.,"[""A"",""C""]",,,,,,,,
q-1770112091029-27,quiz-1770112091029,DRAG_DROP,"Điền các chủ ngữ thích hợp vào đoạn văn sau: (Mặt trời, Những giọt sương, Tiếng chim)",,,,[Mặt trời] từ từ nhô lên sau lũy tre làng. [Những giọt sương] long lanh trên lá cỏ. [Tiếng chim] hót ríu rít trong vòm lá.,"[""Mặt trời"",""Những giọt sương"",""Tiếng chim""]","[""Bóng đêm"",""Cơn mưa""]",,,,
q-1770112091029-29,quiz-1770112091029,SHORT_ANSWER,"Xác định chủ ngữ trong câu: ""Cái đuôi dài thướt tha của chú gà trống uốn cong thật đẹp."" (Chữ đầu câu viết hoa)",,Cái đuôi dài thướt tha của chú gà trống,,,,,,,,
q-1769999817119-0,quiz-1769999817119,MCQ,Phân số tối giản là phân số như thế nào?,"A. Là phân số có tử số và mẫu số cùng chia hết cho một số tự nhiên lớn hơn 1.|B. Là phân số không thể rút gọn được nữa.|C. Là phân số có tử số lớn hơn mẫu số.|D. Là phân số có mẫu số bằng 10, 100, 1000.",B,,,,,,,,
q-1769999817119-1,quiz-1769999817119,MCQ,"Trong các phân số sau, phân số nào chưa tối giản?",A. $\frac{1}{3}$|B. $\frac{4}{7}$|C. $\frac{2}{5}$|D. $\frac{6}{8}$,D,,,,,,,,
q-1769999817119-2,quiz-1769999817119,SHORT_ANSWER,Rút gọn phân số $\frac{5}{10}$ ta được phân số tối giản nào? (Viết dạng a/b),,1/2,,,,,,,,
q-1769999817119-3,quiz-1769999817119,TRUE_FALSE,Đánh giá các phát biểu sau về việc rút gọn phân số:,,,"[{""statement"":""Khi rút gọn phân số, ta chia cả tử số và mẫu số cho cùng một số tự nhiên lớn hơn 1."",""isCorrect"":true},{""statement"":""Phân số $\\frac{3}{4}$ có thể rút gọn được nữa."",""isCorrect"":false}]",,,,,,,
q-1769999817119-4,quiz-1769999817119,MATCHING,,,,"[{""left"":""$\\frac{2}{4}$"",""right"":""$\\frac{1}{2}$""},{""left"":""$\\frac{3}{9}$"",""right"":""$\\frac{1}{3}$""},{""left"":""$\\frac{5}{20}$"",""right"":""$\\frac{1}{4}$""}]",,,,,,,
q-1769999817119-5,quiz-1769999817119,MCQ,Số thích hợp để điền vào chỗ chấm: $\frac{12}{16}$ = $\frac{12 : ...}{16 : ...}$ = \frac{3}{4}$ là:,A. 2|B. 3|C. 4|D. 6,C,,,,,,,,
q-1769999817119-6,quiz-1769999817119,MCQ,Phân số nào dưới đây bằng phân số $\frac{2}{3}$?,A. $\frac{4}{9}$|B. $\frac{8}{12}$|C. $\frac{5}{6}$|D. $\frac{20}{31}$,B,,,,,,,,
q-1769999817119-7,quiz-1769999817119,SHORT_ANSWER,Kết quả rút gọn của phân số $\frac{10}{100}$ là bao nhiêu? (Viết dạng a/b),,1/10,,,,,,,,
q-1769999817119-8,quiz-1769999817119,TRUE_FALSE,Kiểm tra tính đúng sai của các phép rút gọn sau:,,,"[{""statement"":""$\\frac{18}{20}$ = \\frac{9}{10}$"",""isCorrect"":true},{""statement"":""$\\frac{4}{6}$ = \\frac{1}{3}$"",""isCorrect"":false}]",,,,,,,
q-1769999817119-9,quiz-1769999817119,MCQ,"Để rút gọn phân số $\frac{15}{25}$ về dạng tối giản, ta chia cả tử và mẫu cho số nào?",A. 2|B. 3|C. 5|D. 10,C,,,,,,,,
q-1769999817119-10,quiz-1769999817119,MCQ,Phân số $\frac{24}{36}$ sau khi rút gọn tối giản sẽ được:,A. $\frac{12}{18}$|B. $\frac{6}{9}$|C. $\frac{2}{3}$|D. $\frac{4}{6}$,C,,,,,,,,
q-1769999817119-11,quiz-1769999817119,MULTIPLE_SELECT,Chọn TẤT CẢ các phân số bằng với phân số $\frac{1}{2}$:,A. $\frac{3}{6}$|B. $\frac{4}{7}$|C. $\frac{5}{10}$|D. $\frac{9}{19}$,"[""A"",""C""]",,,,,,,,
q-1769999817119-12,quiz-1769999817119,DRAG_DROP,Điền các từ/số thích hợp trong ngoặc vào chỗ trống để hoàn thành quy tắc rút gọn:,,,,"Muốn rút gọn phân số, ta có thể chia cả tử số và [mẫu số] cho cùng một số [tự nhiên] lớn hơn 1 mà tử số và mẫu số đều [chia hết] cho số đó.","[""mẫu số"",""tự nhiên"",""chia hết""]","[""tử số"",""thập phân"",""nhân""]",,,,
q-1769999817119-13,quiz-1769999817119,SHORT_ANSWER,"Tìm x, biết: $\frac{3}{5}$ = \frac{x}{15}$",,9,,,,,,,,
q-1769999817119-14,quiz-1769999817119,MATCHING,,,,"[{""left"":""$\\frac{14}{28}$"",""right"":""$\\frac{1}{2}$""},{""left"":""$\\frac{25}{100}$"",""right"":""$\\frac{1}{4}$""},{""left"":""$\\frac{12}{16}$"",""right"":""$\\frac{3}{4}$""}]",,,,,,,
q-1769999817119-16,quiz-1769999817119,MCQ,"Trong các phân số sau: $\frac{11}{12}$ , $\frac{25}{27}$ , $\frac{15}{18}$ , $\frac{9}{13}$, phân số nào có thể rút gọn được?",A. $\frac{11}{12}$|B. $\frac{25}{27}$|C. $\frac{15}{18}$|D. $\frac{9}{13}$,C,,,,,,,,
q-1769999817119-17,quiz-1769999817119,TRUE_FALSE,Bạn Lan rút gọn phân số $\frac{18}{54}$. Hãy kiểm tra các bước làm:,,,"[{""statement"":""Lan chia cả tử và mẫu cho 9 được $\\frac{2}{6}$."",""isCorrect"":true},{""statement"":""Phân số $\\frac{2}{6}$ là phân số tối giản."",""isCorrect"":false}]",,,,,,,
q-1769999817119-18,quiz-1769999817119,MULTIPLE_SELECT,Những phân số nào dưới đây sau khi rút gọn sẽ được $\frac{2}{5}$?,A. $\frac{4}{10}$|B. $\frac{6}{15}$|C. $\frac{8}{25}$|D. $\frac{10}{20}$,"[""A"",""B""]",,,,,,,,
q-1769999817119-19,quiz-1769999817119,SHORT_ANSWER,Tìm số tự nhiên a biết: $\frac{a}{24}$ = \frac{1}{4}$. ,,6,,,,,,,,
q-1769999817119-20,quiz-1769999817119,MCQ,Một lớp học có 18 học sinh nữ và 12 học sinh nam. Phân số chỉ số học sinh nam so với tổng số học sinh cả lớp (sau khi rút gọn tối giản) là:,A. $\frac{2}{3}$|B. $\frac{2}{5}$|C. $\frac{3}{5}$|D. $\frac{12}{18}$,B,,,,,,,,
q-1769999817119-21,quiz-1769999817119,SHORT_ANSWER,Rút gọn phân số $\frac{11}{22}$ về dạng tối giản. Kết quả là?,,1/2,,,,,,,,
q-1769999817119-22,quiz-1769999817119,MULTIPLE_SELECT,Chọn các cặp phân số bằng nhau trong các phương án sau:,A. $\frac{3}{4}$ và $\frac{75}{100}$|B. $\frac{2}{5}$ và $\frac{40}{100}$|C. $\frac{1}{2}$ và $\frac{49}{100}$|D. $\frac{3}{5}$ và $\frac{60}{100}$,"[""A"",""B"",""D""]",,,,,,,,
q-1769999817119-24,quiz-1769999817119,MCQ,"Mẹ mua 40 quả cam, mẹ biếu bà 15 quả. Phân số chỉ số cam mẹ biếu bà so với tổng số cam mẹ mua (rút gọn tối giản) là:",A. $\frac{15}{40}$|B. $\frac{3}{8}$|C. $\frac{5}{8}$|D. $\frac{3}{5}$,B,,,,,,,,
q-manual-1770000614898,quiz-1769999817119,MCQ,Rút gọn phân số $\frac{8}{12}$ về dạng tối giản. Kết quả là?,$\frac{2}{3}$|$\frac{3}{6}$|$\frac{6}{8}$|$\frac{2}{4}$,A,,,,,,,,
q-1770255347197-0,quiz-1770255347196,MCQ,"Khi làm tròn số $32$ đến hàng chục, ta được số nào?",A. $30$|B. $40$|C. $35$|D. $20$,A,,,,,,,,
q-1770255347197-1,quiz-1770255347196,MCQ,Làm tròn số $87$ đến hàng chục thì được kết quả là:,A. $80$|B. $90$|C. $85$|D. $100$,B,,,,,,,,
q-1770255347197-2,quiz-1770255347196,SHORT_ANSWER,"Làm tròn số $124$ đến hàng trăm, ta được số bao nhiêu?",,100,,,,,,,,
q-1770255347197-3,quiz-1770255347196,TRUE_FALSE,Đánh giá các phát biểu sau về làm tròn số:,,,"[{""statement"":""Số $54$ làm tròn đến hàng chục là $50$."",""isCorrect"":true},{""statement"":""Số $25$ làm tròn đến hàng chục là $20$."",""isCorrect"":false}]",,,,,,,
q-1770255347197-4,quiz-1770255347196,MCQ,Số $362$ khi làm tròn đến hàng trăm sẽ gần với số nào nhất?,A. $300$|B. $360$|C. $400$|D. $350$,C,,,,,,,,
q-1770255347197-5,quiz-1770255347196,MATCHING,Nối số ở cột A với kết quả làm tròn đến hàng chục ở cột B:,,,"[{""left"":""$21$"",""right"":""$20$""},{""left"":""$26$"",""right"":""$30$""},{""left"":""$35$"",""right"":""$40$""}]",,,,,,,
q-1770255347197-6,quiz-1770255347196,DROPDOWN,Chọn đáp án đúng để điền vào chỗ trống:,,,,"Làm tròn số $85$ đến hàng chục, ta được số [1].","[{""id"":""blank-1"",""options"":[""80"",""90"",""85""],""correctAnswer"":""90""}]",[],,,,
q-1770255347197-7,quiz-1770255347196,SHORT_ANSWER,"Làm tròn số $99$ đến hàng chục, ta được số nào?",,100,,,,,,,,
q-1770255347197-8,quiz-1770255347196,MCQ,Làm tròn số $550$ đến hàng trăm ta được:,A. $500$|B. $600$|C. $550$|D. $560$,B,,,,,,,,
q-1770255347197-9,quiz-1770255347196,MULTIPLE_SELECT,Những số nào sau đây khi làm tròn đến hàng chục sẽ được $20$? (Chọn tất cả đáp án đúng),A. $18$|B. $22$|C. $14$|D. $26$,"[""A"",""B""]",,,,,,,,
q-1770255347197-10,quiz-1770255347196,DRAG_DROP,Điền các từ thích hợp vào chỗ trống để hoàn thành quy tắc:,,,,"Khi làm tròn số đến hàng chục, nếu chữ số hàng đơn vị là [5], [6], [7], [8], [9] thì ta làm tròn [lên].","[""5"",""6"",""7"",""8"",""9"",""lên""]","[""xuống"",""0"",""1""]",,,,
q-1770255347197-11,quiz-1770255347196,MCQ,"Quãng đường từ nhà An đến trường dài $218$ mét. Nếu làm tròn đến hàng chục, quãng đường dài khoảng bao nhiêu mét?",A. $210$ mét|B. $220$ mét|C. $200$ mét|D. $300$ mét,B,,,,,,,,
q-1770255347197-12,quiz-1770255347196,MULTIPLE_SELECT,Chọn các số mà khi làm tròn đến hàng trăm ta được kết quả là $500$:,A. $450$|B. $549$|C. $449$|D. $551$,"[""A"",""B""]",,,,,,,,
q-1770255347197-13,quiz-1770255347196,MATCHING,Nối số ban đầu với kết quả làm tròn tương ứng:,,,"[{""left"":""$450$ (làm tròn đến hàng trăm)"",""right"":""$500$""},{""left"":""$440$ (làm tròn đến hàng trăm)"",""right"":""$400$""},{""left"":""$45$ (làm tròn đến hàng chục)"",""right"":""$50$""}]",,,,,,,
q-1770255347197-14,quiz-1770255347196,SHORT_ANSWER,Tìm số bé nhất có hai chữ số mà khi làm tròn đến hàng chục ta được số $60$.,,55,,,,,,,,
q-1770255347197-15,quiz-1770255347196,MCQ,Mẹ mua rau hết $19$ nghìn đồng và mua thịt hết $52$ nghìn đồng. Hãy ước lượng tổng số tiền mẹ phải trả bằng cách làm tròn mỗi số tiền đến hàng chục nghìn rồi cộng lại.,A. $60$ nghìn đồng|B. $70$ nghìn đồng|C. $80$ nghìn đồng|D. $71$ nghìn đồng,B,,,,,,,,
q-1770255347197-16,quiz-1770255347196,SHORT_ANSWER,Tìm số lớn nhất có ba chữ số mà khi làm tròn đến hàng trăm ta được số $800$.,,849,,,,,,,,
q-1770255347197-17,quiz-1770255347196,TRUE_FALSE,Đúng hay sai về khoảng giá trị khi làm tròn?,,,"[{""statement"":""Tất cả các số từ $45$ đến $49$ đều làm tròn thành $50$ (hàng chục)."",""isCorrect"":true},{""statement"":""Tất cả các số từ $51$ đến $55$ đều làm tròn thành $50$ (hàng chục)."",""isCorrect"":false}]",,,,,,,
q-1770255347197-18,quiz-1770255347196,MATCHING,Nối khoảng giá trị với kết quả làm tròn đến hàng trăm phù hợp:,,,"[{""left"":""Các số từ $150$ đến $199$"",""right"":""Làm tròn thành $200$""},{""left"":""Các số từ $101$ đến $149$"",""right"":""Làm tròn thành $100$""},{""left"":""Các số từ $250$ đến $299$"",""right"":""Làm tròn thành $300$""}]",,,,,,,
q-1770255347197-19,quiz-1770255347196,MCQ,"Một quyển sách có $128$ trang, quyển vở có $43$ trang. Nếu làm tròn số trang của mỗi loại đến hàng chục rồi cộng lại, ta được kết quả là bao nhiêu?",A. $170$ trang|B. $160$ trang|C. $180$ trang|D. $171$ trang,A,,,,,,,,
q-1771815844177-0,quiz-1771815844175,MCQ,Điền dấu thích hợp vào chỗ chấm: $\frac{5}{9}$ $\dots$ $\frac{7}{9}$,A. $>$|B. $<$|C. $=$|D. Không so sánh được,B,,,,,,,,
q-1771815844177-1,quiz-1771815844175,MCQ,Kết quả so sánh hai phân số $\frac{5}{8}$ và $\frac{9}{8}$ là:,A. $\frac{5}{8}$ > \frac{9}{8}$|B. $\frac{5}{8}$ = \frac{9}{8}$|C. $\frac{5}{8}$ < \frac{9}{8}$|D. $\frac{5}{8}$ + \frac{9}{8}$,C,,,,,,,,
q-1771815844177-2,quiz-1771815844175,TRUE_FALSE,Đánh giá tính đúng sai của các phép so sánh sau với số 1:,,,"[{""statement"":""$\\frac{9}{9}$ = 1$"",""isCorrect"":true},{""statement"":""$\\frac{5}{9}$ > 1$"",""isCorrect"":false},{""statement"":""$\\frac{8}{7}$ > 1$"",""isCorrect"":true}]",,,,,,,
q-1771815844177-3,quiz-1771815844175,SHORT_ANSWER,"Điền dấu ($>$, $<$, $=$) thích hợp vào chỗ chấm: $\frac{3}{14}$ $\dots$ $\frac{6}{14}$",,<,,,,,,,,
q-1771815844177-4,quiz-1771815844175,MATCHING,Nối phép so sánh với kết quả đúng:,,,"[{""left"":""$\\frac{7}{6}$ so với 1"",""right"":""Lớn hơn 1""},{""left"":""$\\frac{5}{9}$ so với 1"",""right"":""Bé hơn 1""},{""left"":""$\\frac{9}{9}$ so với 1"",""right"":""Bằng 1""}]",,,,,,,
q-1771815844177-5,quiz-1771815844175,MCQ,"Trong các phân số sau, phân số nào bé hơn 1?",A. $\frac{8}{7}$|B. $\frac{7}{6}$|C. $\frac{5}{9}$|D. $\frac{9}{8}$,C,,,,,,,,
q-1771815844177-6,quiz-1771815844175,MCQ,"Trong các phân số sau, phân số nào lớn hơn 1?",A. $\frac{5}{9}$|B. $\frac{8}{7}$|C. $\frac{3}{14}$|D. $\frac{2}{5}$,B,,,,,,,,
q-1771815844177-7,quiz-1771815844175,SHORT_ANSWER,Điền số thích hợp vào chỗ chấm: $\frac{4}{4}$ = $\dots$,,1,,,,,,,,
q-1771815844177-8,quiz-1771815844175,MCQ,Quy đồng mẫu số rồi so sánh hai phân số $\frac{2}{5}$ và $\frac{3}{10}$. Kết quả là:,A. $\frac{2}{5}$ > \frac{3}{10}$|B. $\frac{2}{5}$ < \frac{3}{10}$|C. $\frac{2}{5}$ = \frac{3}{10}$|D. Không so sánh được,A,,,,,,,,
q-1771815844177-9,quiz-1771815844175,TRUE_FALSE,Kiểm tra tính đúng sai của các bước so sánh $\frac{7}{12}$ và $\frac{5}{6}$:,,,"[{""statement"":""Quy đồng mẫu số: $\\frac{5}{6}$ = \\frac{10}{12}$"",""isCorrect"":true},{""statement"":""So sánh tử số: $7 > 10$"",""isCorrect"":false},{""statement"":""Kết luận: $\\frac{7}{12}$ < \\frac{5}{6}$"",""isCorrect"":true}]",,,,,,,
q-1771815844177-10,quiz-1771815844175,SHORT_ANSWER,"Điền dấu ($>$, $<$, $=$) vào chỗ chấm: $\frac{3}{4}$ $\dots$ $\frac{1}{2}$",,>,,,,,,,,
q-1771815844177-11,quiz-1771815844175,DRAG_DROP,"Sắp xếp các phân số sau theo thứ tự từ bé đến lớn: ($\frac{2}{5}$, $\frac{8}{5}$, $\frac{3}{5}$)",,,,"Thứ tự từ bé đến lớn là: [$\frac{2}{5}$], [$\frac{3}{5}$], [$\frac{8}{5}$].","[""$\\frac{2}{5}$"",""$\\frac{3}{5}$"",""$\\frac{8}{5}$""]","[""$\\frac{5}{2}$"",""$\\frac{5}{3}$""]",,,,
q-1771815844177-12,quiz-1771815844175,CATEGORIZATION,Phân loại các phân số sau vào nhóm thích hợp.,,,"[{""id"":""i1"",""content"":""$\\frac{3}{5}$"",""categoryId"":""be_hon_1""},{""id"":""i2"",""content"":""$\\frac{8}{5}$"",""categoryId"":""lon_hon_1""},{""id"":""i3"",""content"":""$\\frac{2}{5}$"",""categoryId"":""be_hon_1""},{""id"":""i4"",""content"":""$\\frac{5}{2}$"",""categoryId"":""lon_hon_1""}]",,,"[{""id"":""be_hon_1"",""name"":""Bé hơn 1""},{""id"":""lon_hon_1"",""name"":""Lớn hơn 1""}]",,,,
q-1771815844177-13,quiz-1771815844175,MCQ,So sánh hai phân số $\frac{8}{3}$ và $\frac{11}{21}$.,A. $\frac{8}{3}$ < \frac{11}{21}$|B. $\frac{8}{3}$ > \frac{11}{21}$|C. $\frac{8}{3}$ = \frac{11}{21}$|D. Không so sánh được,B,,,,,,,,
q-1771815844177-14,quiz-1771815844175,MULTIPLE_SELECT,"Trong các phân số sau, những phân số nào lớn hơn 1? (Chọn tất cả đáp án đúng)",A. $\frac{8}{5}$|B. $\frac{3}{5}$|C. $\frac{5}{2}$|D. $\frac{1}{6}$,"[""A"",""C""]",,,,,,,,
q-1771815844177-15,quiz-1771815844175,DRAG_DROP,"Sắp xếp các số sau theo thứ tự từ bé đến lớn: ($\frac{1}{6}$, $\frac{5}{2}$, 1)",,,,"Thứ tự đúng là: [$\frac{1}{6}$], [1], [$\frac{5}{2}$].","[""$\\frac{1}{6}$"",""1"",""$\\frac{5}{2}$""]","[""$\\frac{5}{6}$"",""$\\frac{2}{5}$""]",,,,
q-1771815844177-16,quiz-1771815844175,MATCHING,Nối các phân số trên tia số (Bài 4) với giá trị số tự nhiên tương ứng:,,,"[{""left"":""$\\frac{4}{4}$"",""right"":""1""},{""left"":""$\\frac{8}{4}$"",""right"":""2""},{""left"":""$\\frac{12}{4}$"",""right"":""3""}]",,,,,,,
q-1771815844177-17,quiz-1771815844175,MULTIPLE_SELECT,"Dựa vào tia số ở Bài 4, các phân số nào sau đây nằm giữa 1 và 2? (Chọn tất cả đáp án đúng)",A. $\frac{5}{4}$|B. $\frac{3}{4}$|C. $\frac{7}{4}$|D. $\frac{9}{4}$,"[""A"",""C""]",,,,,,,,
q-1771815844177-18,quiz-1771815844175,SHORT_ANSWER,Tìm số tự nhiên $x$ biết: $\frac{x}{4}$ = 3$,,12,,,,,,,,
q-1771815844177-19,quiz-1771815844175,MCQ,Mẫu số chung nhỏ nhất để quy đồng hai phân số $\frac{3}{4}$ và $\frac{1}{2}$ là bao nhiêu?,A. 8|B. 4|C. 2|D. 6,B,,,,,,,,
q-1770687698607-0,quiz-1770687698607,MCQ,Vị ngữ trong câu thường trả lời cho những câu hỏi nào?,Ai? Như thế nào? Cái gì?|Làm gì? Như thế nào? Là gì?|Khi nào? Ở đâu? Vì sao?|Thế nào? Bao nhiêu? Với ai?,B,,,,,,,,
q-1770687698607-1,quiz-1770687698607,MCQ,"Trong câu 'Đàn chim én đang bay lượn trên bầu trời.', bộ phận nào là vị ngữ?",Đàn chim én|đang bay lượn trên bầu trời|trên bầu trời|bay lượn,B,,,,,,,,
q-1770687698607-2,quiz-1770687698607,MCQ,Câu nào dưới đây có vị ngữ trả lời cho câu hỏi 'Là gì?',Mẹ em đang nấu cơm.|Bông hoa hồng rất thơm.|Hà Nội là thủ đô của nước Việt Nam.|Con mèo trèo cây cau.,C,,,,,,,,
q-1770687698607-3,quiz-1770687698607,UNDERLINE,Gạch chân dưới bộ phận vị ngữ trong câu sau:,,"[4,5,6,7,8]","[""Những"",""chú"",""gà"",""con"",""chạy"",""lon"",""ton"",""trong"",""sân.""]",,,,,"[""Những"",""chú"",""gà"",""con"",""chạy"",""lon"",""ton"",""trong"",""sân.""]","[4,5,6,7,8]",
q-1770687698607-4,quiz-1770687698607,UNDERLINE,Gạch chân dưới bộ phận vị ngữ trong câu sau:,,"[4,5]","[""Mái"",""tóc"",""của"",""bà"",""bạc"",""trắng.""]",,,,,"[""Mái"",""tóc"",""của"",""bà"",""bạc"",""trắng.""]","[4,5]",
q-1770687698607-5,quiz-1770687698607,TRUE_FALSE,Đánh giá các phát biểu sau về vị ngữ:,,,"[{""statement"":""Vị ngữ luôn đứng trước chủ ngữ."",""isCorrect"":false},{""statement"":""Vị ngữ thường do động từ, tính từ hoặc cụm động từ, cụm tính từ tạo thành."",""isCorrect"":true}]",,,,,,,
q-1770687698607-6,quiz-1770687698607,MATCHING,,,,"[{""left"":""Mặt trời"",""right"":""mọc ở đằng Đông.""},{""left"":""Con ong"",""right"":""chăm chỉ hút mật.""},{""left"":""Cây phượng"",""right"":""nở hoa đỏ rực.""}]",,,,,,,
q-1770687698607-7,quiz-1770687698607,SHORT_ANSWER,"Trong câu 'Nam là học sinh giỏi.', vị ngữ là cụm từ nào?",,là học sinh giỏi,,,,,,,,
q-1770687698607-8,quiz-1770687698607,SHORT_ANSWER,"Trong câu 'Gió thổi mạnh.', vị ngữ là từ nào?",,thổi mạnh,,,,,,,,
q-1770687698607-9,quiz-1770687698607,MCQ,Vị ngữ trong câu 'Cánh đồng lúa chín vàng.' thuộc loại nào?,"Vị ngữ chỉ hoạt động|Vị ngữ chỉ đặc điểm, tính chất|Vị ngữ giới thiệu sự vật|Vị ngữ chỉ thời gian",B,,,,,,,,
q-1770687698607-10,quiz-1770687698607,MCQ,Dòng nào dưới đây chỉ gồm các từ có thể làm vị ngữ trong câu nêu hoạt động 'Ai làm gì?',"xinh đẹp, hiền lành, thông minh|học bài, đá bóng, rửa bát|bác sĩ, kỹ sư, giáo viên|ngôi nhà, dòng sông, đám mây",B,,,,,,,,
q-1770687698607-11,quiz-1770687698607,MCQ,"Trong câu 'Bạn Lan đang viết bài.', từ nào là động từ chính trong vị ngữ?",Bạn|Lan|đang|viết,D,,,,,,,,
q-1770687698607-12,quiz-1770687698607,TRUE_FALSE,Xác định đúng/sai cho các nhận định về câu 'Con mèo đang ngủ ngon lành.',,,"[{""statement"":""Vị ngữ của câu là 'đang ngủ ngon lành'."",""isCorrect"":true},{""statement"":""Câu này trả lời cho câu hỏi 'Con mèo như thế nào?'."",""isCorrect"":false}]",,,,,,,
q-1770687698607-13,quiz-1770687698607,MATCHING,,,,"[{""left"":""Bố em đang đọc báo."",""right"":""Vị ngữ trả lời câu hỏi Làm gì?""},{""left"":""Bầu trời xanh ngắt."",""right"":""Vị ngữ trả lời câu hỏi Như thế nào?""},{""left"":""Hải là người bạn thân nhất của em."",""right"":""Vị ngữ trả lời câu hỏi Là gì?""}]",,,,,,,
q-1770687698607-14,quiz-1770687698607,SHORT_ANSWER,Điền từ còn thiếu vào vị ngữ: 'Con trâu đang ... cỏ.',,gặm,,,,,,,,
q-1770687698607-15,quiz-1770687698607,DROPDOWN,Chọn từ thích hợp để hoàn thành vị ngữ trong các câu sau:,,,,Mặt biển [1] một màu xanh biếc. Những con sóng [2] vào bờ.,"[{""id"":""blank-1"",""options"":[""bao la"",""chạy"",""hát""],""correctAnswer"":""bao la""},{""id"":""blank-2"",""options"":[""xô"",""bay"",""ngủ""],""correctAnswer"":""xô""}]",[],,,,
q-1770687698607-16,quiz-1770687698607,CATEGORIZATION,Phân loại các câu sau dựa trên ý nghĩa của vị ngữ.,,,"[{""id"":""i1"",""content"":""Đàn bò thong thả gặm cỏ."",""categoryId"":""lam_gi""},{""id"":""i2"",""content"":""Bông hoa hồng đỏ thắm."",""categoryId"":""nhu_the_nao""},{""id"":""i3"",""content"":""Chú mèo mướp nằm sưởi nắng."",""categoryId"":""lam_gi""},{""id"":""i4"",""content"":""Dòng sông hiền hòa."",""categoryId"":""nhu_the_nao""}]",,,"[{""id"":""lam_gi"",""name"":""Câu nêu hoạt động (làm gì?)""},{""id"":""nhu_the_nao"",""name"":""Câu nêu đặc điểm (thế nào?)""}]",,,,
q-1770687698607-17,quiz-1770687698607,MULTIPLE_SELECT,Những câu nào dưới đây có vị ngữ là tính từ hoặc cụm tính từ? (Chọn tất cả đáp án đúng),A. Vườn cây xanh tốt.|B. Bà em đang tưới rau.|C. Con đường làng gồ ghề.|D. Chị Lan đi học.,"[""A"",""C""]",,,,,,,,
q-1770687698607-18,quiz-1770687698607,DRAG_DROP,Điền các vị ngữ thích hợp vào chỗ trống trong đoạn văn:,,,,Mùa xuân đã về. Cây cối [đâm chồi nảy lộc]. Chim chóc [hót líu lo] trên cành.,"[""đâm chồi nảy lộc"",""hót líu lo""]","[""rụng lá"",""ngủ đông""]",,,,
q-1770687698607-19,quiz-1770687698607,MCQ,"Trong câu 'Tiếng suối chảy rì rầm.', bộ phận vị ngữ trả lời cho câu hỏi nào?",Tiếng suối làm gì?|Tiếng suối như thế nào?|Tiếng suối là gì?|Tiếng suối ở đâu?,B,,,,,,,,
q-1770687698607-20,quiz-1770687698607,UNDERLINE,Gạch chân dưới vị ngữ trong câu thơ sau:,,"[3,4,5]","[""Những"",""ngôi"",""sao"",""thức"",""ngoài"",""kia.""]",,,,,"[""Những"",""ngôi"",""sao"",""thức"",""ngoài"",""kia.""]","[3,4,5]",
q-1770687698607-21,quiz-1770687698607,MATCHING,,,,"[{""left"":""Em bé ngủ."",""right"":""Vị ngữ là một động từ""},{""left"":""Em bé ngủ rất ngon."",""right"":""Vị ngữ là một cụm động từ""},{""left"":""Em bé rất ngoan."",""right"":""Vị ngữ là một cụm tính từ""}]",,,,,,,
q-1770687698607-22,quiz-1770687698607,MULTIPLE_SELECT,Chọn các câu có vị ngữ trả lời cho câu hỏi 'Làm gì?' (Chọn tất cả đáp án đúng),A. Bác nông dân đang cày ruộng.|B. Cánh đồng lúa rộng mênh mông.|C. Đàn trâu thung thăng gặm cỏ.|D. Bầu trời cao vút.,"[""A"",""C""]",,,,,,,,
q-1770687698607-23,quiz-1770687698607,SHORT_ANSWER,Đặt câu hỏi cho bộ phận vị ngữ trong câu: 'Cây bàng sừng sững trước cổng trường.',,Cây bàng như thế nào?,,,,,,,,
q-1770687698607-24,quiz-1770687698607,DROPDOWN,Chọn từ thích hợp để hoàn chỉnh câu giới thiệu (Ai là gì?),,,,Thiếu nhi [1] tương lai của đất nước. Trường học [2] ngôi nhà thứ hai của em.,"[{""id"":""blank-1"",""options"":[""là"",""thì"",""ở""],""correctAnswer"":""là""},{""id"":""blank-2"",""options"":[""giống"",""là"",""như""],""correctAnswer"":""là""}]",[],,,,
q-1770687698607-25,quiz-1770687698607,CATEGORIZATION,Phân loại các câu sau dựa trên từ loại chính của Vị ngữ.,,,"[{""id"":""i1"",""content"":""Mẹ em là giáo viên tiểu học."",""categoryId"":""danh_tu""},{""id"":""i2"",""content"":""Chiếc xe chạy rất nhanh."",""categoryId"":""dong_tu""},{""id"":""i3"",""content"":""Quyển sách này rất hay."",""categoryId"":""tinh_tu""},{""id"":""i4"",""content"":""Hà Nội là trái tim của cả nước."",""categoryId"":""danh_tu""},{""id"":""i5"",""content"":""Mặt trời tỏa nắng rực rỡ."",""categoryId"":""dong_tu""},{""id"":""i6"",""content"":""Nước biển mặn chát."",""categoryId"":""tinh_tu""}]",,,"[{""id"":""danh_tu"",""name"":""Vị ngữ là Cụm Danh Từ (có từ 'là')""},{""id"":""dong_tu"",""name"":""Vị ngữ là Cụm Động Từ""},{""id"":""tinh_tu"",""name"":""Vị ngữ là Cụm Tính Từ""}]",,,,
q-1770687698607-26,quiz-1770687698607,MULTIPLE_SELECT,Những câu nào dưới đây có cấu tạo vị ngữ phức tạp (có nhiều vị ngữ hoặc vị ngữ đảo)? (Chọn tất cả đáp án đúng),"A. Gió thổi.|B. Tre bần thần, ngơ ngác.|C. Mưa rơi tí tách.|D. Gió thổi mạnh, cuốn phăng những chiếc lá khô.","[""B"",""D""]",,,,,,,,
q-1770687698607-27,quiz-1770687698607,DRAG_DROP,Hoàn thành đoạn thơ sau bằng cách điền các vị ngữ phù hợp:,,,,"Trăng [tròn như cái đĩa].
Lơ lửng mà không rơi.
Những ngôi sao [thức ngoài kia].
Chẳng bằng mẹ đã thức vì chúng con.","[""tròn như cái đĩa"",""thức ngoài kia""]","[""mọc sau đồi"",""sáng lung linh""]",,,,
q-1770687698607-28,quiz-1770687698607,UNDERLINE,Gạch chân bộ phận vị ngữ trong câu đảo ngữ sau (Vị ngữ đứng trước chủ ngữ):,,"[0,1,2,3]","[""Lom"",""khom"",""dưới"",""núi"",""tiều"",""vài"",""chú.""]",,,,,"[""Lom"",""khom"",""dưới"",""núi"",""tiều"",""vài"",""chú.""]","[0,1,2,3]",
q-1770687698607-29,quiz-1770687698607,MATCHING,,,,"[{""left"":""Trăng tròn như quả bóng."",""right"":""Vị ngữ có hình ảnh so sánh""},{""left"":""Chị gió dạo chơi trên cánh đồng."",""right"":""Vị ngữ có hình ảnh nhân hóa""},{""left"":""Mặt trời đỏ rực."",""right"":""Vị ngữ miêu tả trực tiếp (không tu từ)""}]",,,,,,,
q-1770259338309-0,quiz-1770259338309,MCQ,"Trong câu kể <i>'Ai làm gì?'</i>, vị ngữ dùng để làm gì?","A. Chỉ sự vật được nói đến ở chủ ngữ|B. Nêu lên hoạt động của người, con vật hoặc đồ vật được nhân hóa|C. Nêu lên đặc điểm, tính chất của sự vật|D. Giới thiệu về sự vật",,,,,,,,,
q-1770259338309-1,quiz-1770259338309,MCQ,"Vị ngữ trong câu <i>""Đàn chim én đang bay lượn trên bầu trời.""</i> là cụm từ nào?",A. Đàn chim én|B. đang bay lượn trên bầu trời|C. trên bầu trời|D. bay lượn,,,,,,,,,
q-1770259338309-2,quiz-1770259338309,MCQ,Câu nào dưới đây có vị ngữ trả lời cho câu hỏi 'Là gì?',A. Mẹ em đang nấu cơm.|B. Bông hoa hồng rất đẹp.|C. Hà Nội là thủ đô của nước Việt Nam.|D. Chú mèo mướp nằm sưởi nắng.,,,,,,,,,
q-1770259338309-3,quiz-1770259338309,TRUE_FALSE,Đánh giá các phát biểu sau về vị ngữ:,,,"[{""statement"":""Vị ngữ thường đứng sau chủ ngữ.""},{""statement"":""Vị ngữ trong câu 'Ai thế nào?' thường do danh từ tạo thành.""}]",,,,,,,
q-1770259338309-4,quiz-1770259338309,UNDERLINE,Gạch chân dưới bộ phận vị ngữ trong câu sau:,,[],"[""Mặt trời"",""mọc"",""ở"",""đằng"",""đông.""]",,,,,"[""Mặt trời"",""mọc"",""ở"",""đằng"",""đông.""]",[],
q-1770259338309-5,quiz-1770259338309,MATCHING,,,,"[{""left"":""Con mèo"",""right"":""đang bắt chuột.""},{""left"":""Cô giáo"",""right"":""đang giảng bài.""},{""left"":""Bông hoa"",""right"":""nở rực rỡ.""}]",,,,,,,
q-1770259338309-6,quiz-1770259338309,MCQ,"Trong câu 'Cánh đồng lúa chín vàng óng.', từ nào là từ trung tâm của vị ngữ?",A. Cánh đồng|B. lúa|C. chín|D. vàng óng,,,,,,,,,
q-1770259338309-7,quiz-1770259338309,SHORT_ANSWER,"Để tìm vị ngữ chỉ hoạt động trong câu, ta thường dùng câu hỏi: Ai ... ?",,,,,,,,,,
q-1770259338309-8,quiz-1770259338309,MCQ,Vị ngữ trong câu kể 'Ai thế nào?' thường do từ loại nào đảm nhiệm?,"A. Danh từ và cụm danh từ|B. Tính từ, động từ chỉ trạng thái hoặc cụm của chúng|C. Chỉ có động từ chỉ hoạt động|D. Số từ",,,,,,,,,
q-1770259338309-9,quiz-1770259338309,UNDERLINE,Gạch chân dưới vị ngữ trong câu sau:,,[],"[""Bạn"",""Nam"",""là"",""lớp"",""trưởng"",""lớp"",""4A.""]",,,,,"[""Bạn"",""Nam"",""là"",""lớp"",""trưởng"",""lớp"",""4A.""]",[],
q-1770259338309-10,quiz-1770259338309,MCQ,Dòng nào dưới đây gồm các từ ngữ thích hợp để làm vị ngữ cho câu: 'Những chú chim sơn ca ...'?,A. xanh biếc|B. hót líu lo trên cành|C. là một loài cá|D. chạy rất nhanh,,,,,,,,,
q-1770259338309-11,quiz-1770259338309,MATCHING,,,,"[{""left"":""Bố em đang tưới cây."",""right"":""Ai làm gì?""},{""left"":""Mái tóc của bà bạc trắng."",""right"":""Ai thế nào?""},{""left"":""Sách vở là đồ dùng học tập."",""right"":""Ai là gì?""}]",,,,,,,
q-1770259338309-12,quiz-1770259338309,ORDERING,Sắp xếp các từ sau để tạo thành câu kể 'Ai thế nào?' hoàn chỉnh:,,[],"[{""0"":""r"",""1"":""ấ"",""2"":""t""},{""0"":""c"",""1"":""h"",""2"":""ă"",""3"":""m"",""4"":"" "",""5"":""c"",""6"":""h"",""7"":""ỉ"",""8"":"".""},{""0"":""B"",""1"":""ạ"",""2"":""n""},{""0"":""M"",""1"":""a"",""2"":""i""}]",,,,,,,
q-1770259338309-13,quiz-1770259338309,UNDERLINE,Gạch chân dưới bộ phận vị ngữ trong câu văn miêu tả sau:,,[],"[""Những"",""cánh"",""buồm"",""nâu"",""trên"",""biển"",""được"",""nắng"",""chiếu"",""vào"",""hồng"",""rực.""]",,,,,"[""Những"",""cánh"",""buồm"",""nâu"",""trên"",""biển"",""được"",""nắng"",""chiếu"",""vào"",""hồng"",""rực.""]",[],
q-1770259338309-14,quiz-1770259338309,MCQ,"Trong các câu sau, câu nào có vị ngữ trả lời cho câu hỏi 'Như thế nào?'",A. Đàn cá bơi lội tung tăng.|B. Chú công nhân đang xây nhà.|C. Bầu trời mùa thu xanh ngắt.|D. Em làm bài tập toán.,,,,,,,,,
q-1770259338309-16,quiz-1770259338309,SHORT_ANSWER,Điền từ còn thiếu vào chỗ trống để hoàn thành vị ngữ: 'Con ong chăm chỉ ... mật.',,,,,,,,,,
q-1770259338309-17,quiz-1770259338309,ORDERING,Sắp xếp các câu sau để tạo thành một đoạn văn tả cây cối hợp lý:,,[],"[{""0"":""N"",""1"":""h"",""2"":""ữ"",""3"":""n"",""4"":""g"",""5"":"" "",""6"":""c"",""7"":""h"",""8"":""ù"",""9"":""m"",""10"":"" "",""11"":""q"",""12"":""u"",""13"":""ả"",""14"":"" "",""15"":""c"",""16"":""h"",""17"":""í"",""18"":""n"",""19"":"" "",""20"":""đ"",""21"":""ỏ"",""22"":"" "",""23"":""m"",""24"":""ọ"",""25"":""n"",""26"":""g"",""27"":"" "",""28"":""l"",""29"":""ấ"",""30"":""p"",""31"":"" "",""32"":""l"",""33"":""ó"",""34"":"" "",""35"":""t"",""36"":""r"",""37"":""o"",""38"":""n"",""39"":""g"",""40"":"" "",""41"":""v"",""42"":""ò"",""43"":""m"",""44"":"" "",""45"":""l"",""46"":""á"",""47"":"".""},{""0"":""G"",""1"":""ố"",""2"":""c"",""3"":"" "",""4"":""c"",""5"":""â"",""6"":""y"",""7"":"" "",""8"":""t"",""9"":""o"",""10"":"","",""11"":"" "",""12"":""r"",""13"":""ễ"",""14"":"" "",""15"":""n"",""16"":""ổ"",""17"":""i"",""18"":"" "",""19"":""l"",""20"":""ê"",""21"":""n"",""22"":"" "",""23"":""m"",""24"":""ặ"",""25"":""t"",""26"":"" "",""27"":""đ"",""28"":""ấ"",""29"":""t"",""30"":"" "",""31"":""n"",""32"":""h"",""33"":""ư"",""34"":"" "",""35"":""n"",""36"":""h"",""37"":""ữ"",""38"":""n"",""39"":""g"",""40"":"" "",""41"":""c"",""42"":""o"",""43"":""n"",""44"":"" "",""45"":""r"",""46"":""ắ"",""47"":""n"",""48"":"".""},{""0"":""T"",""1"":""r"",""2"":""o"",""3"":""n"",""4"":""g"",""5"":"" "",""6"":""v"",""7"":""ư"",""8"":""ờ"",""9"":""n"",""10"":"","",""11"":"" "",""12"":""c"",""13"":""â"",""14"":""y"",""15"":"" "",""16"":""v"",""17"":""ả"",""18"":""i"",""19"":"" "",""20"":""t"",""21"":""h"",""22"":""i"",""23"":""ề"",""24"":""u"",""25"":"" "",""26"":""đ"",""27"":""ã"",""28"":"" "",""29"":""t"",""30"":""r"",""31"":""ĩ"",""32"":""u"",""33"":"" "",""34"":""q"",""35"":""u"",""36"":""ả"",""37"":"".""},{""0"":""T"",""1"":""á"",""2"":""n"",""3"":"" "",""4"":""l"",""5"":""á"",""6"":"" "",""7"":""x"",""8"":""ò"",""9"":""e"",""10"":"" "",""11"":""r"",""12"":""ộ"",""13"":""n"",""14"":""g"",""15"":"" "",""16"":""c"",""17"":""h"",""18"":""e"",""19"":"" "",""20"":""m"",""21"":""á"",""22"":""t"",""23"":"" "",""24"":""c"",""25"":""ả"",""26"":"" "",""27"":""m"",""28"":""ộ"",""29"":""t"",""30"":"" "",""31"":""g"",""32"":""ó"",""33"":""c"",""34"":"" "",""35"":""v"",""36"":""ư"",""37"":""ờ"",""38"":""n"",""39"":"".""}]",,,,,,,
q-1770259338309-18,quiz-1770259338309,UNDERLINE,Gạch chân dưới vị ngữ trong câu thơ sau (chú ý biện pháp so sánh):,,[],"[""Trăng"",""tròn"",""như"",""cái"",""đĩa.""]",,,,,"[""Trăng"",""tròn"",""như"",""cái"",""đĩa.""]",[],
q-1770259338309-19,quiz-1770259338309,MCQ,Đọc câu thơ: <b>'Cây dừa sải tay bơi / Ngọn mùng tơi nhảy múa.' </b><i>(Trần Đăng Khoa)</i>. Vị ngữ trong các câu thơ trên có tác dụng gì?,A. Miêu tả màu sắc của cây cối|B. Nhân hóa cây cối có hoạt động giống như con người|C. Định nghĩa về các loài cây|D. So sánh cây cối với đồ vật,,,,,,,,,
q-manual-1771230053610,quiz-1770259338309,DRAG_DROP,Chọn từ thích hợp điền vào chỗ trống để hoàn thành các câu văn sau:,,,,"1. Tuần trước, lớp chúng em [đã] kêu gọi ủng hộ được nhiều quần áo, sách vở và gửi tặng cho các bạn học sinh vùng cao.
2. Tôi [đang] ngồi đọc sách trong nhà thì bạn Hoa đến rủ đi học nhóm.
3. Tôi [sẽ] cùng bố mẹ dọn vệ sinh khu phố vào cuối tuần này.","[""đã"",""đang"",""sẽ""]",[],,,,
q-1771988898232-0,quiz-1771988898231,MCQ,Mẫu số chung nhỏ nhất của hai phân số $\frac{1}{2}$ và $\frac{1}{3}$ là bao nhiêu? <i>(là mẫu số chung nhỏ nhất có thể chia hết cho hai mẫu số)</i>,A. 5|B. 6|C. 12|D. 4,B,,,,,,,,
q-1771988898232-1,quiz-1771988898231,MCQ,Điền dấu thích hợp vào chỗ chấm: $\frac{4}{7}$ ... $\frac{2}{7}$,A. >|B. <|C. =|D. Không so sánh được,A,,,,,,,,
q-1771988898232-2,quiz-1771988898231,TRUE_FALSE,Đúng hay Sai về so sánh phân số với 1?,,,"[{""statement"":""Phân số có tử số lớn hơn mẫu số thì phân số đó lớn hơn 1."",""isCorrect"":true},{""statement"":""Phân số có tử số bé hơn mẫu số thì phân số đó lớn hơn 1."",""isCorrect"":false}]",,,,,,,
q-1771988898232-3,quiz-1771988898231,SHORT_ANSWER,Tìm số thích hợp điền vào chỗ chấm: $\frac{2}{5}$ = \frac{...}{15}$,,6,,,,,,,,
q-1771988898232-4,quiz-1771988898231,MCQ,"Trong các phân số sau, phân số nào bé hơn 1?",A. $\frac{5}{4}$|B. $\frac{3}{3}$|C. $\frac{9}{8}$|D. $\frac{2}{5}$,D,,,,,,,,
q-1771988898232-5,quiz-1771988898231,MCQ,"Quy đồng mẫu số hai phân số $\frac{3}{4}$ và $\frac{2}{5}$, ta được hai phân số nào?",A. $\frac{15}{20}$ và $\frac{8}{20}$|B. $\frac{15}{20}$ và $\frac{2}{20}$|C. $\frac{3}{20}$ và $\frac{8}{20}$|D. $\frac{12}{20}$ và $\frac{10}{20}$,A,,,,,,,,
q-1771988898232-6,quiz-1771988898231,MATCHING,Nối hai phân số bằng nhau:,,,"[{""left"":""$\\frac{1}{2}$"",""right"":""$\\frac{5}{10}$""},{""left"":""$\\frac{3}{4}$"",""right"":""$\\frac{9}{12}$""},{""left"":""$\\frac{2}{3}$"",""right"":""$\\frac{8}{12}$""}]",,,,,,,
q-1771988898232-7,quiz-1771988898231,MCQ,So sánh hai phân số $\frac{5}{8}$ và $\frac{5}{9}$.,A. $\frac{5}{8}$ > \frac{5}{9}$|B. $\frac{5}{8}$ < \frac{5}{9}$|C. $\frac{5}{8}$ = \frac{5}{9}$|D. Không so sánh được,A,,,,,,,,
q-1771988898232-8,quiz-1771988898231,SHORT_ANSWER,Tìm mẫu số chung nhỏ nhất của $\frac{3}{8}$ và $\frac{5}{12}$. <i>(là mẫu số nhỏ nhất có thể chia hết cho hai mẫu số)</i>,,24,,,,,,,,
q-1771988898232-10,quiz-1771988898231,MCQ,Phân số nào dưới đây lớn nhất?,A. $\frac{1}{2}$|B. $\frac{1}{3}$|C. $\frac{3}{4}$|D. $\frac{1}{4}$,C,,,,,,,,
q-1771988898232-11,quiz-1771988898231,TRUE_FALSE,Kiểm tra tính đúng sai của các phép so sánh sau:,,,"[{""statement"":""$\\frac{2}{3}$ < \\frac{3}{4}$"",""isCorrect"":true},{""statement"":""$\\frac{7}{8}$ > 1$"",""isCorrect"":false}]",,,,,,,
q-1771988898232-12,quiz-1771988898231,CATEGORIZATION,Phân loại các phân số sau vào nhóm thích hợp.,,,"[{""id"":""i1"",""content"":""$\\frac{3}{4}$"",""categoryId"":""be_hon_1""},{""id"":""i2"",""content"":""$\\frac{9}{8}$"",""categoryId"":""lon_hon_1""},{""id"":""i3"",""content"":""$\\frac{5}{5}$"",""categoryId"":""bang_1""},{""id"":""i4"",""content"":""$\\frac{12}{11}$"",""categoryId"":""lon_hon_1""},{""id"":""i5"",""content"":""$\\frac{20}{21}$"",""categoryId"":""be_hon_1""},{""id"":""i6"",""content"":""$\\frac{100}{100}$"",""categoryId"":""bang_1""}]",,,"[{""id"":""be_hon_1"",""name"":""Bé hơn 1""},{""id"":""lon_hon_1"",""name"":""Lớn hơn 1""},{""id"":""bang_1"",""name"":""Bằng 1""}]",,,,
q-1771988898232-13,quiz-1771988898231,MULTIPLE_SELECT,Chọn tất cả các phân số lớn hơn $\frac{1}{2}$ trong các phân số dưới đây:,A. $\frac{2}{3}$|B. $\frac{1}{3}$|C. $\frac{3}{4}$|D. $\frac{2}{5}$,"[""A"",""C""]",,,,,,,,
q-1771988898232-14,quiz-1771988898231,MCQ,"Mẹ có một cái bánh. Mẹ cho Lan $\frac{1}{3}$ cái bánh, cho Hùng $\frac{2}{5}$ cái bánh. Hỏi ai được mẹ cho nhiều bánh hơn?",A. Lan|B. Hùng|C. Hai bạn bằng nhau|D. Không so sánh được,B,,,,,,,,
q-1771988898232-18,quiz-1771988898231,MCQ,Sắp xếp các phân số $\frac{1}{2}$ ; $\frac{3}{4}$ ; $\frac{5}{8}$ theo thứ tự từ bé đến lớn.,A. $\frac{1}{2}$ ; $\frac{5}{8}$ ; $\frac{3}{4}$|B. $\frac{1}{2}$ ; $\frac{3}{4}$ ; $\frac{5}{8}$|C. $\frac{5}{8}$ ; $\frac{1}{2}$ ; $\frac{3}{4}$|D. $\frac{3}{4}$ ; $\frac{5}{8}$ ; $\frac{1}{2}$,A,,,,,,,,
q-1771225368087-5,quiz-1771225368087,MCQ,Đáp án nào dưới đây có từ viết sai chính tả?,"xuất khẩu, xuất ăn|suôn sẻ, xương mù|rắn rỏi, chạm trổ|giặt giũ, giấu giếm",B,,,,,,,,
q-1771225368087-7,quiz-1771225368087,MCQ,"<b>Từ nào dưới đây có nghĩa giống với từ ""<i>chất phác</i>""?</b>",gánh vác|chuyên cần|giản dị|chân chất,D,,,,,,,,
q-1771225368087-12,quiz-1771225368087,DRAG_DROP,Chọn từ thích hợp điền vào chỗ trống để hoàn thành các câu văn sau:,,,,"1. Tuần trước, lớp chúng em [đã] kêu gọi ủng hộ được nhiều quần áo, sách vở và gửi tặng cho các bạn học sinh vùng cao.
2. Tôi [đang] ngồi đọc sách trong nhà thì bạn Hoa đến rủ đi học nhóm.
3. Tôi [sẽ] cùng bố mẹ dọn vệ sinh khu phố vào cuối tuần này.","[""đã"",""đang"",""sẽ""]","[""lạ"",""nắng""]",,,,
q-1771225368087-13,quiz-1771225368087,MCQ,"<b>Đáp án nào là chủ ngữ trong câu văn dưới đây? </b>
<i>""Hương thơm ngan ngát của hoa thiên lí bay xa trong đêm thâu.""</i>",Hương thơm|Hương thơm ngan ngát|Hương thơm ngan ngát của hoa thiên lí|Hoa thiên lí,C,,,,,,,,
q-1771225368087-17,quiz-1771225368087,MCQ,"<b>Đọc đoạn thơ dưới đây và cho biết khung cảnh thiên nhiên vào mùa xuân ở Cà Mau được miêu tả như thế nào?</b>
 <i>""Chân lội trong bùn tay vịn cành đước 
Tôi gặp mùa xuân ở đất Mũi Cà Mau 
Thuyền thấp thoáng trong màu xanh như chuốt
Nắng hồng phơi ong bay rợp trên đầu"" </i>","Vui tươi, tràn đầy sức sống|Kiêu sa, lộng lẫy|Hùng vĩ, hoành tráng|Hiện đại, phát triển",A,,,,,,,,
q-manual-1771228559406,quiz-1771225368087,MCQ,<b>Câu nào dưới đây phân tách đúng thành phần chủ ngữ và vị ngữ? </b>,"Hương thơm nồng nàn của những chùm hoa sữa/ làm đêm thu thêm mênh mang.|Bầu trời sau cơn mưa dường như/ trong xanh hơn, sạch như một tấm gương.|Tiếng cá quẫy/ làm xao động cả mặt sông lấp loáng ánh trăng vàng.|Ánh sáng/ ấm áp của những ngọn đèn đường chiếu sáng góc phố nhỏ.",C,,,,,,,,
q-manual-1771228763688,quiz-1771225368087,MCQ,"<b>Thành ngữ, tục ngữ nào có thể thay thế bộ phận in đậm trong câu văn sau: </b>
<i>""Dù bị đặt trong tình huống khó xử, cô Hoa vẫn có cách giải quyết <b>thỏa đáng cả về lí lẽ lẫn tình cảm</b>.""? </i>",Muôn hình vạn trạng|Một công đôi việc|Một lòng một dạ|Thấu tình đạt lý,D,,,,,,,,
q-manual-1771228887685,quiz-1771225368087,MCQ,"<b>Đọc đoạn văn sau và chọn đáp án đúng.
</b>
(1) Huế là vùng đất <b>nổi tiếng </b>với nhiều làn điệu truyền thống đặc sắc như nhã nhạc cung đình, hò mái nhì, mái đẩy..... (2) Người ta <b>thưởng thức</b> ca Huế trên dòng sông Hương thơ mộng. (3) Trong đêm trăng sáng, tiếng ca lúc thì <b>trữ tình</b>, sâu lắng, lúc lại <b>rộn rã</b>, vui tươi. (4) Dòng Hương Giang về đêm huyền ảo, nên thơ bởi ánh trăng vàng, ánh nến của những ngọn đèn hoa đăng và tiếng hát văng vẳng xa xa trên thuyền rồng.
(Theo Trà My)
",Đoạn văn trên có 1 câu giới thiệu.|Đoạn văn trên có 2 câu nêu hoạt động.|Đoạn văn trên có 1 câu sử dụng biện pháp so sánh.|Tất cả các từ in đậm trong đoạn văn trên là tính từ.,A,,,,,,,,
q-manual-1771229342455,quiz-1771225368087,MCQ,"<b>Giải câu đố sau: 
</b>""Tỉnh nào miền Trung nước ta 
Trường Sa quần đảo thiết tha tự hào 
Tháp Bà ghi dấu thuở nào 
Yến sào đặc sản mời chào ghé thăm?"" ",Đà Nẵng|Lâm Đồng|Khánh Hoà|Quảng Trị,C,,,,,,,,
q-manual-1771230331506,quiz-1771225368087,SHORT_ANSWER,"<b>Điền số thích hợp vào chỗ trống:</b>
   (1) Trên đồng ruộng, trong nhà máy, trên lớp học hay trong bệnh viện, ở đâu, ta cũng gặp những trí thức đang lao động quên mình. (2) Các kĩ sư nông nghiệp nghiên cứu giống lúa mới, kĩ thuật trồng trọt, chăn nuôi mới. (3) Các kĩ sư cơ khícùng công nhân sản xuất máy móc, ô tô. (4) Các thầy giáo, cô giáo dạy ta thành người có ích cho xã hội. (5) Các bác sĩ chữa bệnh cho dân.
<i>(Sưu tầm)</i>
<i>Câu chủ đề của đoạn văn trên là câu số:
</i>",,1,,,,,,,,
q-manual-1771230537985,quiz-1771225368087,DRAG_DROP,<b>Chọn từ thích hợp trong ngoặc đơn điền vào chỗ trống:</b>,,,,"1. Từ [chủ động] có nghĩa là “tự mình quyết định hành động, không bị chi phối bởi
2. Từ [chủ trì] có nghĩa là “điều hành và chịu trách nhiệm chính về công việc”.","[""chủ động"",""chủ trì""]","[""chủ quyền""]",,,,
q-manual-1771230686504,quiz-1771225368087,DRAG_DROP,<b>Điền dấu câu thích hợp để hoàn thành câu chuyện sau:</b>,,,,"Một người nọ có một con lừa và một con ngựa. Một hôm, có việc đi xa [,] ông ta cưỡi ngựa, còn bao nhiêu đồ đạc nặng thì chất hết lưng lừa[.] Dọc đường, lừa mệt quá liền khẩn khoản với ngựa:
Ngựa ơi, bạn có thể mang đỡ giúp tôi chút đồ được không[?]Tôi kiệt sức rồi!
Ngựa kiêu ngạo đáp:
- Thôi, việc ai người nấy lo, tôi không giúp bạn được.
Lúc sau, vì mang nặng quá, lừa gục xuống bên vệ đường. Người chủ thấy vậy chuyển hết đồ tử lưng lừa sang ngựa. Lúc này, ngựa mới than:
- Ôi, tôi mới dại dột làm sao[!]Tôi không muốn giúp lừa nên bây giờ phải mang nặng gấp đôi.
(Sưu tầm)
","["","",""."",""?"",""!""]","[""-""]",,,,
q-manual-1771231355290,quiz-1771225368087,SHORT_ANSWER,"<b>Điền số thích hợp vào chỗ trống:</b>
Từ các tiếng “<b>nguyện, toại, mãn, cầu</b>” có thể ghép được tất cả bao nhiêu từ?",,4,,,,,,,,
q-manual-1771231432380,quiz-1771225368087,SHORT_ANSWER,"<b>Điền từ thích hợp vào chỗ trống:
</b>Đôi bàn tay nhỏ
Viết dòng chữ xinh
Trang giấy trắng tinh
Điểm mười thắm đỏ.
<i>(Nguyễn Lâm Thắng)
</i>Từ nào trong đoạn thơ trên là động từ?",,viết,,,,,,,,
q-manual-1771231641694,quiz-1771225368087,MCQ,<b>Chọn từ thích hợp điền vào chỗ trống sau: Tiếng “<i>cảnh</i>” có thể ghép với tiếng … để tạo thành danh từ.</b>,phong|giác|tỉnh|cáo,A,,,,,,,,
q-manual-1771231734884,quiz-1771225368087,MATCHING,,,,"[{""left"":""hòa nhã"",""right"":""Cô Lan là người rất dịu dàng, nói năng [...] với mọi người.""},{""left"":""hòa quyện"",""right"":""Vị chua, cay, ngọt [...] với nhau tạo nên hương vị độc đáo của món ăn.""},{""left"":""hòa tấu"",""right"":""Tiết mục [...] của các nghệ sĩ rất xuất sắc.""}]",,,,,,,
q-manual-1771231816719,quiz-1771225368087,MATCHING,,,,"[{""left"":""Cha truyền con nối"",""right"":""Kế tục, nối tiếp nhau từ đời này sang đời khác""},{""left"":""Bình an vô sự"",""right"":""Yên ổn, không có trở ngại, khó khăn nào""},{""left"":""Ơn sâu nghĩa nặng"",""right"":""Ơn nghĩa sâu sắc, tình cảm đậm thắm""},{""left"":""Nghĩ trước nghĩ sau\t"",""right"":""Suy nghĩ đắn đo, kĩ lưỡng để cân nhắc việc gì đó""}]",,,,,,,
q-manual-1771231883511,quiz-1771225368087,CATEGORIZATION,"<b>Chọn đáp án sắp xếp các từ ngữ sau vào nhóm thích hợp.
</b>",,,"[{""id"":""item-1771231894552"",""content"":""lao công"",""categoryId"":""1""},{""id"":""item-1771231923646"",""content"":""y tá"",""categoryId"":""1""},{""id"":""item-1771231933431"",""content"":""thủ thư"",""categoryId"":""1""},{""id"":""item-1771231955061"",""content"":""kiến thiết"",""categoryId"":""2""},{""id"":""item-1771231981099"",""content"":""ghi chép"",""categoryId"":""2""},{""id"":""item-1771231982737"",""content"":""lao động"",""categoryId"":""2""},{""id"":""item-1771232003998"",""content"":""cần cù"",""categoryId"":""1771231852702""},{""id"":""item-1771232005296"",""content"":""hăng say"",""categoryId"":""1771231852702""},{""id"":""item-1771232006386"",""content"":""thanh khiết"",""categoryId"":""1771231852702""}]",,,"[{""id"":""1"",""name"":""Danh từ""},{""id"":""2"",""name"":""Động từ""},{""id"":""1771231852702"",""name"":""Tính từ""}]",,,,
q-manual-1771232162321,quiz-1771225368087,CATEGORIZATION,<b>Chọn đáp án sắp xếp các cặp từ sau vào nhóm thích hợp.</b>,,,"[{""id"":""1"",""content"":""thổ lộ - bộc bạch"",""categoryId"":""1""},{""id"":""2"",""content"":""khen ngợi - tuyên dương"",""categoryId"":""1""},{""id"":""1771232115852"",""content"":""thư thái - thanh thản"",""categoryId"":""1""},{""id"":""1771232126697"",""content"":""hưng thịnh - suy vong"",""categoryId"":""2""},{""id"":""1771232128538"",""content"":""phân tán - tập trung"",""categoryId"":""2""},{""id"":""1771232129381"",""content"":""đa số - thiểu số"",""categoryId"":""2""}]",,,"[{""id"":""1"",""name"":""Cặp từ có nghĩa giống nhau""},{""id"":""2"",""name"":""Cặp từ có nghĩa trái ngược nhau""}]",,,,
q-manual-1771232534509,quiz-1771225368087,SHORT_ANSWER,"<b>Chọn từ ngữ thích hợp điền vào chỗ trống sau:
</b>Hình như thu đã đến rồi
Lá vàng thổn thức bồi hồi rụng rơi
Tiếng nhạn trong vắt bầu trời
Và nằm học mới trong ngời mắt ai.
<i>(Theo Trà My)</i>
Trong đoạn thơ trên, sự vật được nhân hóa là ……",,lá vàng,,,,,,,,
q-manual-1771234233689,quiz-1771225368087,ORDERING,"<b>Sắp xếp các câu sau thành một đoạn văn hoàn chỉnh.
</b>",,[],"[""Mới hôm nào, cây gấc còn nhỏ xíu, xoè ra vài chiếc lá xanh non xinh xắn."",""Vậy mà chỉ hơn một tháng sau, ngọn gấc đã bỏ khắp giàn, xanh mơn mởn."",""Rồi sau đó, cây gấc bắt đầu trổ những bông hoa đầu tiên."",""Hoa gấc to bản, xoè ra năm cánh dày dặn."",""Thêm những bông hoa gấc, mái nhà xanh trước sân như được tô điểm thêm bằng hàng trăm ngọn đèn màu trắng ngà xinh xắn.""]",,,,,,,
q-manual-1771238140994,quiz-1771225368087,IMAGE_QUESTION,Câu văn nào sử dụng biện pháp so sánh và nhân hóa mô tả đúng hình ảnh dưới đây?,"Trong vườn, những quả sầu riêng bắt đầu chín, hương thơm ngạt ngào lan xa trong không gian.|Những quả sầu riêng bụ bẫm, tinh nghịch đung đưa trên cành như những con nhím lớn, mình chi chít gai nhọn.|Những người nông dân đi thu hoạch sầu riêng chín, đem ra chợ bán.|Những múi sầu riêng chín vàng, vị ngọt ngào như mật ong và béo ngậy như bơ sữa.",B,,,,[],,,,https://liveazotastoragept112025.azota.vn/exam_questions/m02_2026/d15/105478111/bbf060809e5349b7a12ad79c443bb0f8.png
q-manual-1771242464193,quiz-1771225368087,IMAGE_QUESTION,"Hình ảnh nào thích hợp để minh họa cho đoạn thơ dưới đây?
“Tiếng khèn vang vách núi xa
Rừng mơ bung nở trắng nhoà mắt ai
Tựa cụm mây trắng mượt mà
Xuân về, cỏ biếc trải dài núi xanh.""
(Theo Trà My)",A|B|C|D,C,,,,[],,,,https://res.cloudinary.com/dwv7hot9x/image/upload/v1771226713/cau_3_bjuqym.png
q-manual-1771242590463,quiz-1771225368087,IMAGE_QUESTION,Câu văn nào sử dụng biện pháp so sánh mô tả đúng hình ảnh dưới đây?,"Nhìn từ trên cao xuống, những thửa ruộng xanh biếc như những bậc thang bắc lên trời.|Trên những ruộng lúa xanh biếc, mấy cô bác nông dân chăm chỉ đi làm cỏ, bón phân.|Ruộng bậc thang là nét đặc trưng của thiên nhiên vùng Tây Bắc.|Cánh đồng lúa như một thâm vàng trải rộng đến tận chân trời.",A,,,,[],,,,https://res.cloudinary.com/dwv7hot9x/image/upload/v1771228159/CAU_5_stwap6.png
q-manual-1771242787730,quiz-1771225368087,IMAGE_QUESTION,Sắp xếp các tiếng sau thành câu văn hoàn chỉnh.,Chúng em tham dự kết nạp lễ Đội.|Chúng em tham dự lễ kết nạp Đội.|Chúng em tham dự Đội lễ kết nạp.|Chúng em kết nạp Đội tham dự.,B,,,,[],,,,https://liveazotastoragept112025.azota.vn/exam_questions/m02_2026/d15/105478111/0cfe150e749e3c2aa51bce243adea087.png
q-manual-1771243453524,quiz-1771225368087,DROPDOWN,Chọn từ ngữ thích hợp điền vào chỗ trống để hoàn thành đoạn văn miêu tả hình ảnh sau:,,,,"Mùa này, con sông quê em [1] , soi bóng những đám mây trắng [2] trôi. Nhờ phù sa bồi đắp, cây cối hai bên bờ sông [3], tràn đầy sức sống.","[{""id"":""1"",""options"":[""dữ dội"",""hiền hoà"",""cuồn cuộn""],""correctAnswer"":""hiền hoà""},{""id"":""2"",""options"":[""đen kịt"",""bồng bềnh"",""xám xịt""],""correctAnswer"":""bồng bềnh""},{""id"":""3"",""options"":[""xơ xác"",""xanh mướt"",""héo úa""],""correctAnswer"":""xanh mướt""}]",[],,,,https://res.cloudinary.com/dwv7hot9x/image/upload/v1771233023/cau_6_tj5gyd.png
q-manual-1771250767538,quiz-1771225368087,RIDDLE,Giải câu đố sau:,,đua,"[""Giữ nguyên cùng nghĩa với “thi\"""",""Thêm huyền là nói điều gì cho vui.""]",Từ giữ nguyên là từ gì?,,,,,,
q-manual-1771251011765,quiz-1771225368087,MATCHING,,,,"[{""left"":""Tiếng chim"",""right"":""vang ra không ngớt, vọng mãi lên trời cao xanh thẳm.""},{""left"":"" Những thân cây tràm"",""right"":"" vươn thẳng lên trời như những cây nến khổng lồ.""},{""left"":""Rừng khô"",""right"":""hiện lên uy nghi, tráng lệ trong ánh mặt trời vàng óng.""}]",,,,,,,
q-manual-1771251245761,quiz-1771225368087,WORD_SCRAMBLE,Sắp xếp các chữ sau thành từ chỉ phẩm chất của con người:,,rộng lượng,"[""N"",""L"",""G"",""G"",""Ư"",""R"",""Ộ"",""Ợ"",""N""]",,,,,,,
q-manual-1771251785757,quiz-1771225368087,ERROR_CORRECTION,"<b>Điền từ thích hợp vào chỗ trống:</b>
",,trải,,"Ngày đẹp lắm bạn ơi
Nắng vàng chải khắp nơi
Chim ca trong bóng lá
Ra sân ta cùng chơi.
(Theo Tập đọc 3, 1980)",,chải,,,,
q-1772176710142-0,quiz-1772176710142,MCQ,Hình thoi có bao nhiêu cạnh bằng nhau?,A. 2 cạnh|B. 3 cạnh|C. 4 cạnh|D. Không cạnh nào bằng nhau,C,,,,,,,,
q-1772176710142-1,quiz-1772176710142,TRUE_FALSE,Hãy đánh giá đúng/sai các phát biểu sau về hình thoi:,,,"[{""statement"":""Hình thoi có 4 cạnh bằng nhau"",""isCorrect"":true},{""statement"":""Hình thoi có hai đường chéo vuông góc"",""isCorrect"":true},{""statement"":""Hình thoi có các góc đối diện bằng nhau"",""isCorrect"":true},{""statement"":""Hình thoi có hai cạnh song song"",""isCorrect"":false}]",,,,,,,
q-1772176710142-2,quiz-1772176710142,MCQ,Hai đường chéo của hình thoi cắt nhau như thế nào?,A. Song song|B. Vuông góc|C. Chéo nhau|D. Không cắt nhau,B,,,,,,,,
q-1772176710142-8,quiz-1772176710142,MCQ,"Trong hình thoi ABCD, AB = 3cm thì CD bằng bao nhiêu?","3cm|6cm|1,5cm|9cm",A,,,,,,,,
q-1772176710142-9,quiz-1772176710142,MULTIPLE_SELECT,Những tính chất nào sau đây là của hình thoi? Chọn tất cả đáp án đúng,A. 4 cạnh bằng nhau|B. Hai đường chéo vuông góc|C. Hai đường chéo bằng nhau|D. Cắt nhau tại trung điểm,"[""A"",""B"",""D""]",,,,,,,,
q-1772176710142-12,quiz-1772176710142,MATCHING,,,,"[{""left"":""4 cạnh bằng nhau"",""right"":""Hình thoi""},{""left"":""Hai đường chéo vuông góc"",""right"":""Hình thoi""},{""left"":""Chỉ 2 cạnh bằng nhau"",""right"":""Hình bình hành""},{""left"":""Tất cả góc vuông"",""right"":""Hình chữ nhật""}]",,,,,,,
q-1772176710142-13,quiz-1772176710142,DROPDOWN,Chọn từ đúng để hoàn thành câu về hình thoi:,,,,Hình thoi có [1] cạnh bằng nhau. Hai đường chéo [2] nhau.,"[{""id"":""blank-1"",""options"":[""2"",""3"",""4"",""5""],""correctAnswer"":""4""},{""id"":""blank-2"",""options"":[""song song"",""vuông góc"",""chéo"",""gập""],""correctAnswer"":""vuông góc""}]",[],,,,
q-1772176710142-14,quiz-1772176710142,CATEGORIZATION,Phân loại các hình sau:,,,"[{""id"":""item1"",""content"":""4 cạnh bằng nhau, chéo vuông góc"",""categoryId"":""thoi""},{""id"":""item2"",""content"":""2 cạnh đối bằng nhau"",""categoryId"":""binh_hanh""},{""id"":""item3"",""content"":""Tất cả góc vuông"",""categoryId"":""chu_nhat""},{""id"":""item4"",""content"":""Chéo cắt trung điểm, cạnh bằng"",""categoryId"":""thoi""},{""id"":""item5"",""content"":""2 cặp cạnh song song"",""categoryId"":""binh_hanh""},{""id"":""item6"",""content"":""Chữ nhật có cạnh đối bằng"",""categoryId"":""chu_nhat""}]",,,"[{""id"":""thoi"",""name"":""Hình thoi""},{""id"":""binh_hanh"",""name"":""Hình bình hành""},{""id"":""chu_nhat"",""name"":""Hình chữ nhật""}]",,,,
q-1772176710142-17,quiz-1772176710142,MULTIPLE_SELECT,"Để nhận biết hình thoi, em cần kiểm tra những gì? Chọn tất cả đúng",A. Dùng êke kiểm tra chéo vuông góc|B. Dùng thước đo 4 cạnh bằng nhau|C. Kiểm tra góc đối bằng nhau|D. Chỉ cần 2 cạnh bằng,"[""A"",""B"",""C""]",,,,,,,,
q-1772176710142-18,quiz-1772176710142,IMAGE_QUESTION,"Quan sát các hình sau, hình nào là hình thoi?",Hình 1|Hình 2|Hình 3|Hình 4,A,,,,[],,,,https://res.cloudinary.com/dwv7hot9x/image/upload/v1772176972/ly-thuyet-hinh-thoi-224176_vqtlme.png
q-manual-1772177271831,quiz-1772176710142,TRUE_FALSE,"Đúng ghi Đ, sai ghi S trong các câu sau:",,,"[{""id"":""1"",""statement"":""MQ = QP = PM = MN"",""isCorrect"":false},{""id"":""2"",""statement"":""Cạnh MN song song với cạnh QP"",""isCorrect"":true},{""id"":""3"",""statement"":""Cạnh MP vuông góc với cạnh NI"",""isCorrect"":true},{""id"":""4"",""statement"":""IM = IP = IN = IQ"",""isCorrect"":false}]",,,,,,,https://res.cloudinary.com/dwv7hot9x/image/upload/v1772177060/ly-thuyet-hinh-thoi-224179_gkiuyg.png
q-manual-1772177967423,quiz-1772176710142,MULTIPLE_SELECT,Hình nào dưới đây là hình thoi,Hình 1|Hình 2|Hình 3|Hình 4|Hình 5|Hình 6|Hình 7|Hình 8,"[""C"",""F"",""H""]",,,,,,,,https://res.cloudinary.com/dwv7hot9x/image/upload/v1772177705/b5-1634292576_j4mlia.jpg
q-1772154262735-0,quiz-1772154262735,MCQ,Hình bình hành có đặc điểm nào sau đây?,A. Có 4 góc vuông và 4 cạnh bằng nhau.|B. Có hai cặp cạnh đối diện song song và bằng nhau.|C. Chỉ có một cặp cạnh đối diện song song.|D. Có 4 cạnh bằng nhau nhưng không có góc vuông.,B,,,,,,,,
q-1772154262735-1,quiz-1772154262735,TRUE_FALSE,Các phát biểu sau đây về hình bình hành là đúng hay sai?,,,"[{""statement"":""Hình bình hành có hai cặp cạnh đối diện song song."",""isCorrect"":true},{""statement"":""Hình bình hành luôn có 4 góc vuông.""},{""statement"":""Các cạnh đối diện của hình bình hành luôn bằng nhau."",""isCorrect"":true}]",,,,,,,
q-1772154262735-9,quiz-1772154262735,CATEGORIZATION,Hãy sắp xếp các đặc điểm sau vào nhóm phù hợp để phân biệt Hình chữ nhật và Hình bình hành.,,,"[{""id"":""item1"",""content"":""Có 4 góc vuông"",""categoryId"":""hcn""},{""id"":""item3"",""content"":""Có hai cặp cạnh đối diện song song"",""categoryId"":""chung""},{""id"":""item4"",""content"":""Các cạnh đối diện bằng nhau"",""categoryId"":""chung""}]",,,"[{""id"":""hcn"",""name"":""Chỉ là đặc điểm của Hình chữ nhật""},{""id"":""chung"",""name"":""Đặc điểm chung của cả hai hình""}]",,,,
q-manual-1772154710788,quiz-1772154262735,IMAGE_QUESTION,Hình vẽ bên có mấy hình bình hành,2|3|4|5,C,,,,[],,,,https://res.cloudinary.com/dwv7hot9x/image/upload/v1772154576/Screenshot_4_ssgq9u.png
q-manual-1772155214206,quiz-1772154262735,IMAGE_QUESTION,Cho hình bình hành ABCD (như hình vẽ). Khẳng định sau đây là sai?,Cạnh AB song song và bằng cạnh DC|Cạnh AB song song và bằng cạnh BC|Cạnh CD song song và bằng cạnh BA|Cạnh CB bằng cạnh DA,B,,,,[],,,,https://res.cloudinary.com/dwv7hot9x/image/upload/v1772154576/Screenshot_3_ll5grs.png
q-manual-1772155379957,quiz-1772154262735,IMAGE_QUESTION,Cạnh ME dài 6cm. Cạnh PO dài là:,6 cm|8 cm|10 cm|12 cm,D,,,,[],,,,https://res.cloudinary.com/dwv7hot9x/image/upload/v1772155336/Screenshot_5_vvc0hr.png
q-manual-1772157058853,quiz-1772154262735,IMAGE_QUESTION,"Biết A, B, C, D là bốn đỉnh của một hình bình hành. Hỏi đỉnh C đã bị con vật nào che mất?",Con gà|Con chó|Con mèo|Không có con nào,A,,,,[],,,,https://res.cloudinary.com/dwv7hot9x/image/upload/v1772161667/SCREEN_7_zyb9vf.png
q-manual-1772157269607,quiz-1772154262735,IMAGE_QUESTION,"Cho ABCD và CDEG là các hình bình hành. Biết độ dài cạnh AB bằng 3 dm. Độ dài cạnh EG bằng bao nhiêu đề-xi-mét?
",3 cm|4 cm|5 cm|6 cm,A,,,,[],,,,https://res.cloudinary.com/dwv7hot9x/image/upload/v1772161763/SCREEN_8_cnx9ie.png
q-manual-1772157472411,quiz-1772154262735,IMAGE_QUESTION,Nối bốn điểm nào trong hình vẽ để được một hình bình hành?,"Bốn điểm M, N, P, Q|Bốn điểm M, N, P, R|Bốn điểm M, N, P, S|Bốn điểm M, N, R, Q",B,,,,[],,,,https://res.cloudinary.com/dwv7hot9x/image/upload/v1772161817/SCREEN_9_i2ujsj.png
q-manual-1772158258558,quiz-1772154262735,MCQ,"Chọn đáp án đúng. Hình bình hành ABCD có:

",A. AB = DC|B. AC = BD|C. AB = BC|D. AD = DC,A,,,,,,,,
q-manual-1772158770684,quiz-1772154262735,TRUE_FALSE,Trong hình bình hành ABCD:,,,"[{""id"":""1"",""statement"":""AB song song với CD"",""isCorrect"":true},{""id"":""2"",""statement"":""AB vuông góc với CD"",""isCorrect"":false},{""id"":""3"",""statement"":""AB = DC và AD = BC"",""isCorrect"":true},{""id"":""4"",""statement"":""AB = BC = CD = DA"",""isCorrect"":false}]",,,,,,,
q-manual-1772161143133,quiz-1772154262735,IMAGE_QUESTION,Cho hình bình hành ABCD (như hình vẽ). Các cặp cạnh  song song với nhau là:,"AB song song CD, AD song song với BC|AB song song CD, AD song song với AC|AB song song BD, AD song song với BC|AB song song CD, AD song song với BD",A,,,,[],,,,https://res.cloudinary.com/dwv7hot9x/image/upload/v1772154576/Screenshot_3_ll5grs.png
q-manual-1772170285564,quiz-1772154262735,MULTIPLE_SELECT,Chọn tất cả các đáp án đúng. Hình bình hành là hình nào dưới đây?,Hình A|Hình B|Hình C|Hình D|Hình E,"[""A"",""C"",""E""]",,,,,,,,
q-manual-1772170491719,quiz-1772154262735,MCQ,Chọn đáp án đúng nhất. Hình bình hành là hình thế nào?,Hình bình hành có hai cặp cạnh đối diện song song.|Hình bình hành có hai cặp cạnh đối diện bằng nhau.|Hình bình hành có cặp cạnh đối diện song song và bằng nhau.|Hình bình hành có hai cặp cạnh đối diện song song và bằng nhau.,D,,,,,,,,
q-manual-1772414734609,quiz-1772154262735,MCQ,Hình nào dưới đây là hình bình hành,Hình A|Hình B|Hình C|Hình D,D,,,,,,,,https://res.cloudinary.com/dwv7hot9x/image/upload/v1772162022/ly-thuyet-hinh-binh-hanh-224154_skbsve.png
q-manual-1772207378857,quiz-1772207252556,SHORT_ANSWER,"Điền số thích hợp vào ô trống
Cho hình sau: 
Góc đỉnh O cạnh OM, ON bằng ..... $$ ^\circ $$",,75,,,,,,,,https://res.cloudinary.com/dwv7hot9x/image/upload/v1772207198/Picture1_pkvod2.png
q-manual-1772207432203,quiz-1772207252556,MCQ,"<b>Cho bài toán: </b>4 bao gạo cân nặng 60kg, 1 bao đậu xanh cân nặng 10kg. Hỏi 5 bao gạo và 1 bao đậu xanh như thế cân nặng bao nhiêu ki-lô-gam?
Muốn tìm cân nặng của 5 bao gạo ta thực hiện phép tính gì?",Phép cộng|Phép chia|Phép nhân,C,,,,,,,,
q-manual-1772207483501,quiz-1772207252556,MCQ,Dòng (câu) nào dưới đây không có chủ ngữ?,Cô giáo dạy múa rất hay.|đang cùng mọi người leo núi.|Em bé vui vẻ khi mẹ về.|Bạn Hà đang say sưa hát.,B,,,,,,,,
q-manual-1772207523057,quiz-1772207252556,MCQ,"<b>Bạn hãy chọn đáp án đúng.</b>
Nguyễn Trãi sinh năm 1380. Hỏi năm sinh của Nguyễn Trãi thuộc thế kỉ nào?",Thế kỉ XIV|Thế kỉ XIII|Thế kỉ XIX,A,,,,,,,,
q-manual-1772207550708,quiz-1772207252556,SHORT_ANSWER,"<b>Điền dấu thích hợp ( >; <; =)</b>
53 × 11 ... 573
",,>,,,,,,,,
q-manual-1772207640446,quiz-1772207252556,MCQ,"Choose the correct answer to fill in the blank.
“Eighteen degrees” is written as:
",$ 18^\circ $|$ 18^\circ $ C|$ 108^\circ $,A,,,,,,,,
q-manual-1772207830344,quiz-1772207252556,SHORT_ANSWER,"Fill suitable number in the blank.
Calculate: 250 × 125 × 32 = ......
",,1000000,,,,,,,,
q-manual-1772207902447,quiz-1772207252556,MCQ,Chủ ngữ trong câu văn nào dưới đây trả lời cho câu hỏi “Ai?”,"Truyện cổ tích đưa chúng ta về thế giới kì ảo.|Tiếng hát của Hương vừa trong trẻo, vừa ngọt ngào.|Bức tranh này là tác phẩm của một họa sĩ nổi tiếng.|Chị gái tôi đã từng kể về ước mơ được trở thành bác sĩ của mình.",D,,,,,,,,
q-manual-1772207956775,quiz-1772207252556,SHORT_ANSWER,"Bạn hãy điền dấu (>; <; =) thích hợp
36 000 : 600 ..... 7200 : 80
",,<,,,,,,,,
q-manual-1772207977668,quiz-1772207252556,SHORT_ANSWER,"Fill suitable number in the blank.
56 × 296 = 300 × 56 − 56 × .....",,4,,,,,,,,
q-manual-1772208033939,quiz-1772207252556,MCQ,"<b>Em hãy chọn chủ ngữ thích hợp điền vào chỗ trống để hoàn thành câu sau:</b>
<i>........ mải mê ấp trứng, quên cả ăn, chỉ mong ngày trứng nở thành con.</i>
",Chiếc trống trường|Chị gà mái|Chú mèo con|Những bông hồng nhung,B,,,,,,,,
q-manual-1772208184600,quiz-1772207252556,MCQ,"<b>Đọc đoạn văn sau và trả lời câu hỏi:
</b>Đọc xong câu chuyện “Đồng hồ Mặt Trời”, em vô cùng yêu thích cậu bé I-sắc Niu-tơn.
Trong câu chuyện, I-sắc Niu-tơn là một cậu bé ham học hỏi. Dù còn nhỏ tuổi nhưng Niu-tơn đã có thể tự tay làm ra các món đồ chơi cầu kì. Đặc biệt, Niu-tơn còn có tài quan sát vô cùng tỉ mỉ, cẩn thận. Cậu đã ghi chép lại sự thay đổi về vị trí của chiếc bóng. Từ đó, chế tạo ra đồng hồ mặt trời. Đây là một sáng chế vô cùng hữu ích với bà con trong làng. Nhờ có chiếc đồng hồ mà mọi người có thể nhận biết được thời gian. Qua nhân vật, em học được sự kiên trì, sẵn sàng tích lũy kiến thức mọi lúc, mọi nơi.
<i>Cậu bé Niu-tơn có tài năng gì?
</i>",tài năng quan sát và sáng chế.|tài năng nấu ăn.|tài năng vẽ tranh.,A,,,,,,,,
q-manual-1772208287955,quiz-1772207252556,MCQ,A seed company filled 8 bags with seed. They put 900 grams of seed in three bags. They put 800 grams of seed in five bags. How many grams of seed are there in all the bags combined?,6400|6700|2700|4000,B,,,,,,,,
q-manual-1772208409085,quiz-1772207252556,DROPDOWN,"Bạn hãy chọn đáp án thích hợp để điền vào ô trống.
Bà Triệu (Triệu Thị Trinh) sinh năm 226. Bà lãnh đạo cuộc khởi nghĩa chống quân Ngô năm 248.",,,,"Khi đó: Bà Triệu sinh vào thế kỉ [1]
Khi lãnh đạo cuộc khởi nghĩa Bà Triệu có số tuổi là [2] tuổi.
","[{""id"":""1"",""options"":[""2"",""3"",""4""],""correctAnswer"":""3""},{""id"":""2"",""options"":[""21"",""22"",""23""],""correctAnswer"":""22""}]",[],,,,
q-manual-1772208630970,quiz-1772207252556,MULTIPLE_SELECT,"Chọn tất cả đáp án đúng
Lan và Hoa cùng vẽ hai góc trên bảng (như hình vẽ). Biết bạn Hoa vẽ góc có số đo lớn hơn. Khi đó ta có:",Lan vẽ góc hình A.|Lan vẽ góc hình B.|Hoa vẽ góc hình A.|Hoa vẽ góc hình B.,"[""A"",""D""]",,,,,,,,https://res.cloudinary.com/dwv7hot9x/image/upload/v1772208452/Picture2_k0eahi.png
q-manual-1772209526753,quiz-1772207252556,MCQ,"Choose the correct answer to fill in the blank.
The quadrilateral above has ........ acute angles as obtuse angles.",fewer|more|as many,C,,,,,,,,https://res.cloudinary.com/dwv7hot9x/image/upload/v1772208676/Picture3_ysoko5.png
q-manual-1772209671862,quiz-1772207252556,MCQ,Trung bình cộng của số chẵn lớn nhất có hai chữ số và số chẵn lớn nhất có hai chữ số giống nhau là:,93|95|97|91,A,,,,,,,,
q-manual-1772209739721,quiz-1772207252556,MCQ,"Bài đọc: <b>Trăng trứng</b>
Rằm Trung thu năm nay, Ly thích nhất là có ông bà nội đến chơi. Bố trải hai cái chiếu to nhất ra giữa sân. Bà bổ bưởi. Mẹ gọt hồng. Còn Ly thì chăm chỉ, lụi cụi đi lấy rổ, lấy đĩa cho mẹ.
Khi cả nhà bắt đầu phá cỗ thì con mèo trắng nhảy tót từ trong bếp ra. Con mèo này nghịch lắm, hôm nọ nó làm Ly bị mắng oan. Nó tha cuộn chỉ của mẹ vào gầm giường để chơi, thế mà mẹ cứ bảo Ly làm mất. Nhưng thôi, hôm nay cũng phải chia phần cho nó, kẻo tội. Ly gắp mấy miếng bưởi vào đĩa nhỏ cho mèo. Nó không biết ăn bưởi, cũng chả biết ăn hồng, chán thế! Ly đang băn khoăn chưa biết cho mèo ăn gì thì ông nội chỉ về phía giữa rằm bụt, nhắc: “Mọi người xem, trăng đã lên kìa!”.
Ly ngẩng nhìn trăng. Còn bé Đốm thì cứ với tay về phía trăng mà reo lên như vớ được thứ gì đó: “Của Đốm! Của Đốm!”. Chỉ thương cho mèo chẳng biết trông trăng. Nó cứ chạy quanh sân lung tung, chốc chốc lại nhảy về cái bóng của mây qua cửa sổ. Ly bỗng nghĩ ra một cách. Ly lặng lẽ vào bếp lấy cái đĩa nhôm mẹ vẫn dùng cho mèo ăn cơm, múc nước đổ đầy đĩa, rồi bưng ra sân đặt trước mặt mèo. Xem kìa, mèo đã thấy trăng rồi! Nó nhìn chăm chăm vào lòng đĩa, tai giương giương, đuôi ngoáy ra điều thú vị lắm.
Ly ghé khuôn mặt rạng rỡ cùng trăng trăng với mèo. Trăng trong đĩa nước bé hơn trăng trên trời nhưng sáng long lanh như viên ngọc. Con mèo ngước nhìn Ly, kêu “meo meo” cảm ơn, rồi thò chân vào đĩa định quẫy trăng. Ui thật!

<i><b>Tại sao mèo trắng lại có thể ngắm trăng trong đĩa?</b></i>
",Vì trong đĩa có vẽ hình mặt trăng.|Vì hình ảnh của mặt trăng phản chiếu vào nước trong đĩa.|Vì đĩa có hình tròn nên mèo tưởng đó là mặt trăng.|Vì chiếc đĩa có màu vàng nên mèo tưởng đó là mặt trăng.,B,,,,,,,,
q-manual-1772209850391,quiz-1772207252556,MCQ,"Choose the correct answer.
There are 110 children each, in grades 2, 3, 4 and 5. How many children are there in all 4 of these grades?",240|330|440|280,C,,,,,,,,
q-manual-1772209929375,quiz-1772207252556,MCQ,"Khi viết đoạn văn nêu cảm xúc về nhân vật Thánh Gióng, em nên làm gì để thể hiện đúng tình cảm của mình?",Nêu những hành động gian lận của Thánh Gióng và bày tỏ sự không tin tưởng.|Nêu những hành động nghịch ngợm của Thánh Gióng và bày tỏ sự trách móc.|Nêu những hành động dũng cảm của Thánh Gióng và bày tỏ sự kính phục.|Nêu những hành động lười biếng của Thánh Gióng và bày tỏ sự chê bai.,C,,,,,,,,
q-manual-1772210087901,quiz-1772207252556,DRAG_DROP,Em hãy chọn chủ ngữ thích hợp điền vào chỗ trống để hoàn thành các câu sau:,,,,"1.	[Mây đen] dần kéo đến, che kín cả một vùng trời.
2.	[Gió] thổi vi vu.
3.	[Tia nắng] rực rỡ ấm áp xuyên qua ô cửa sổ rọi xuống ngay hàng ghế nơi em ngồi.
","[""Mây đen"",""Gió"",""Tia nắng""]","[""Mưa"",""Mặt trời"",""đàn""]",,,,
q-manual-1772210132665,quiz-1772207252556,MATCHING,,,,"[{""left"":""Cây cối"",""right"":""đâm chồi khi xuân đến.""},{""left"":""Các bác nông dân"",""right"":""đang gặt lúa ngoài đồng.""},{""left"":""Vẹt"",""right"":""bắt chước tiếng người rất giỏi.""}]",,,,,,,
q-manual-1772210198565,quiz-1772207252556,MCQ,Một cửa hàng đã bán 45 kg gạo tẻ với giá 12 500 đồng một ki-lô-gam và 20 kg gạo nếp với giá 35 000 đồng một ki-lô-gam. Hỏi cửa hàng đó thu được tất cả bao nhiêu tiền?,1 250 000 đồng|1 265 000 đồng|1 262 500 đồng|1 265 500 đồng,C,,,,,,,,
q-manual-1772210528463,quiz-1772207252556,MCQ,"Đọc bài sau và trả lời câu hỏi: <b>Cá</b> <i>(trích)</i>

Hay vờn rong chơi
Nhưng nhằng khoe áo trắng
Và nhắn nha rỉa mồi

Cá cá, chúng mày ơi!
Vào đây mà kiếm ăn:
Mồi lòng gà béo ngậy,
Mùi thính thơm, rất đằm.

Riêng mặt trời tinh nghịch
Ngắm mồi dưới đáy ao.
Giật mấy lần không được
Còn làm ta ngã nhào.

<i>Trong khổ thơ cuối cùng, tác giả đã sử dụng biện pháp nghệ thuật nào?</i>",Không sử dụng biện pháp nghệ thuật nào.|Cá nhân hoá và so sánh.|Nhân hóa.|So sánh.,C,,,,,,,,
q-manual-1772210602503,quiz-1772207252556,SHORT_ANSWER,"Fill suitable number in the blank.
The last digit of the product 2 × 3 × 4 × … × 9 is .........",,362880,,,,,,,,
q-manual-1772211136564,quiz-1772207252556,MULTIPLE_SELECT,"Choose the correct answers. 
Look at the angles below. Which one is an obtuse angle?","The angle at vertex D, between sides DA and DE.|The angle at vertex C, between sides CA and CE.|The angle at vertex A, between sides AD and AC.|The angle at vertex A, between sides AB and AC.","[""A"",""B""]",,,,,,,,https://res.cloudinary.com/dwv7hot9x/image/upload/v1772210624/Picture4_ffrk8q.png
q-manual-1772211258563,quiz-1772207252556,MCQ,"Một thùng bia có 150 lít. Lần đầu lấy ra 10 lít bia, lần thứ hai lấy ra gấp ba lần số lít bia ở lần đầu, lần thứ ba lấy ra 20 lít bia. Hỏi trong thùng còn lại bao nhiêu lít bia?",30 $l$|60 $l$|90 $l$|120 $l$,C,,,,,,,,
q-manual-1772211446170,quiz-1772207252556,MCQ,Một lớp học có số học sinh nữ gấp 2 lần số học sinh nam. Cân nặng trung bình của các học sinh nữ là 26kg. Cân nặng trung bình của các bạn học sinh nam là 32kg. Cân nặng trung bình của tất cả các học sinh trong lớp là,30 $kg$|28 $kg$|29 $kg$|42 $kg$,B,,,,,,,,
q-manual-1772211888218,quiz-1772207252556,ORDERING," Em hãy sắp xếp các từ sau thành một câu văn bày tỏ tình cảm với nhân vật Tấm trong truyện cổ tích “Tấm Cám”. (Viết hoa đầu câu, cuối câu có dấu chấm)",,"[0,1,2,3,4]","[""Em"",""cảm thấy"",""rất"",""thương"",""cô Tấm.""]",,,,,,,
q-manual-1772211980305,quiz-1772207252556,SHORT_ANSWER,"Bạn hãy điền dấu (>; <; =) thích hợp 
10 400 : 80 ..... 140",,<,,,,,,,,
q-manual-1772212078180,quiz-1772207252556,MCQ,Chủ ngữ trong câu văn nào dưới đây trả lời cho câu hỏi “Con gì?”,Con thỏ trắng nhảy tới bãi cỏ xanh.|Cánh diều mềm mại giữa cánh buồm.|Bé Mai giúp mẹ quét sân.|Ánh nắng ấm áp chiếu xuống sân.,A,,,,,,,,
q-manual-1772212412853,quiz-1772207252556,DROPDOWN,Em hãy chọn từ ngữ thích hợp điền vào chỗ trống.,,,,Chủ ngữ trong câu “Cá voi có kích thước rất lớn” là danh từ chỉ [1],"[{""id"":""1"",""options"":[""loài vật"",""đồ vật""],""correctAnswer"":""loài vật""}]",[],,,,
q-manual-1772212448908,quiz-1772207252556,SHORT_ANSWER,"Fill suitable number in the blank.
Find the unit digit of A if A = 29 × 29 × 29 × … × 29  (100 factors 29).
",,1,,,,,,,,
q-manual-1772212654980,quiz-1772207252556,MCQ,Chủ ngữ trong câu văn nào dưới đây trả lời cho câu hỏi “Ai?”,Hà Nội là thủ đô của nước ta.|Hồ Chí Minh là vị lãnh tụ vĩ đại của dân tộc Việt Nam.|Mặt trời đang tỏa những tia nắng ấm áp.|Cây cổ thụ xanh um bên bờ sông.,B,,,,,,,,
q-manual-1772212707724,quiz-1772207252556,SHORT_ANSWER,"Fill suitable number in the blank.
362 x 100 - 50 = ........",,36150,,,,,,,,
q-manual-1772212809716,quiz-1772207252556,SHORT_ANSWER,Bạn Đức mua số vở và bút mực như sau:,,15000,,,,,,,,https://res.cloudinary.com/dwv7hot9x/image/upload/v1772212771/Screenshot_3_um7cdc.png
q-manual-1772213081393,quiz-1772207252556,TRUE_FALSE,"Đúng chọn Đ, sai chọn S


",,,"[{""id"":""1"",""statement"":""Bạn Bảo nói: “Thế kỉ IV bắt đầu từ năm 301 đến năm 400”."",""isCorrect"":true},{""id"":""2"",""statement"":""Bạn Vinh nói: “Thế kỉ IV bắt đầu từ năm 300 đến năm 400”."",""isCorrect"":false}]",,,,,,,
q-manual-1772213129629,quiz-1772207252556,SHORT_ANSWER,"Bạn hãy <b>điền số </b>thích hợp vào ô trống.
Cho các khẳng định:
4620 : 30 = 462 : 3
5500 : 50 = 550 : 5
68 400 : 600 = 684 : 60
Trong các khẳng định trên, số các khẳng định đúng là .....
",,2,,,,,,,,
q-manual-1772213194672,quiz-1772207252556,SHORT_ANSWER,"Bạn hãy <b>điền số </b>thích hợp vào ô trống.
Có 21 000 quyển sách được xếp gọn vào từng giá sách trong thư viện. Nếu mỗi giá sách trong thư viện chứa được tối đa 60 quyển sách thì cần bao nhiêu giá sách để chứa đủ số sách trên?
",,350,,,,,,,,
q-manual-1772213232465,quiz-1772207252556,SHORT_ANSWER,"Fill suitable number in the blank.
300 x 800 x 10 = ......",,2400000,,,,,,,,
q-manual-1772213358618,quiz-1772207252556,SHORT_ANSWER,"Bạn hãy <b>điền số</b> thích hợp vào ô trống.
Trung bình cộng của ba số là 22. Nếu viết thêm chữ số 1 vào bên trái số thứ hai thì được số thứ ba, số thứ nhất gấp 2 lần số thứ ba.
Số thứ nhất hơn số thứ hai: ...... đơn vị.
",,29,,,,,,,,
q-manual-1772213767430,quiz-1772207252556,DRAG_DROP,Em hãy chọn chủ ngữ thích hợp điền vào chỗ trống để hoàn thành đoạn văn sau.,,,,"Chiều hôm ấy, trời mưa như trút nước. [Bầu trời]đầy mây đen và chớp giật loé từng đợt.
[Na] đã học bài xong và đang ngồi nhìn ra cửa sổ. [Cô bé] nhìn thấy một đoạn đường vắng lặng, trắng xoá màn mưa. Dưới lòng đường, [người và xe] di chuyển hối hả. [Cả dãy phố] hầu như không có một mái hiên nào đưa ra mặt đường. Một chút lo âu dâng lên trong tâm trí. Na chạy xuống nhà bảo mẹ kéo mái hiên ra phía ngoài đường để người đi đường có chỗ trú mưa…
","[""Bầu trời"",""Na"",""Cô bé"",""người và xe"",""Cả dãy phố""]",[],,,,
q-manual-1772213826626,quiz-1772207252556,MCQ,"<b>Đọc Bài sau và trả lời câu hỏi: Bác sĩ của nhân dân</b>

Bác sĩ Phạm Ngọc Thạch là một tấm gương tiêu biểu cho các thế hệ thầy thuốc Việt Nam.
Sinh thời, ông có công rất lớn trong việc tìm ra cách phòng và chữa bệnh lao phổi. Dù ở đâu, bất cứ lúc nào người bệnh cần, ông đều có mặt để thăm khám và chữa trị kịp thời. Không ít lần, ông đã tự tiếp máu của mình cho người bệnh. Hình ảnh quen thuộc, thân thương của ông trong chiếc áo choàng trắng với ống nghe, ân cần thăm hỏi từng bệnh nhân, túc trực bên giường những người bệnh nặng…còn mãi trong tâm trí đồng nghiệp.
Mọi người gọi ông là “Bác sĩ của nhân dân”. Nhiều bệnh viện, trường học và các công trình trên mọi miền đất nước được vinh dự mang tên ông. Từ năm 2009, tên của bác sĩ Phạm Ngọc Thạch được đặt cho giải thưởng nhằm vinh danh những y, bác sĩ trẻ tích cực học tập, không ngừng rèn luyện và cống hiến cho ngành Y tế nước nhà.
<i>Bài đọc trên cho ta thấy bác sĩ Phạm Ngọc Thạch là người như thế nào?</i>",Một bác sĩ yêu nghề.|Một bác sĩ giỏi.|Một người bác sĩ có trái tim nhân ái.|Tất cả các đáp án trên đều đúng.,D,,,,,,,,
q-manual-1772213892636,quiz-1772207252556,MATCHING,,,,"[{""left"":""Thiên nga"",""right"":""là biểu tượng của sự đẹp đẽ và sang trọng.""},{""left"":""Trống trường"",""right"":""là âm thanh giục giã các bạn vào nhanh chân tới trường.""},{""left"":""Mẹ em"",""right"":""là người yêu thương em nhất.""},{""left"":""Chị Võ Thị Sáu"",""right"":""là một nữ anh hùng của dân tộc Việt Nam.""}]",,,,,,,
q-manual-1772213958446,quiz-1772207252556,MCQ,"Choose the correct answer.
A cybercafe has a total of 100 computers but 20 of the computers are not functioning. If there were no idle computers for 20 consecutive days and each customer pays 30£ per day in the cybercafé. How many customers did the cybercafé welcomed within this period?",1 600|1 500|1 800|1 400,A,,,,,,,,
q-manual-1772214199390,quiz-1772207252556,MCQ,Số thứ nhất là 92. Số thứ hai bé hơn số thứ nhất là 16. Số trung bình cộng của số thứ nhất và số thứ hai là:,80|82|78|84,D,,,,,,,,
q-manual-1772214321097,quiz-1772207252556,SHORT_ANSWER,"Bạn hãy điền số thích hợp vào ô trống.
Một đơn vị bộ đội đã tặng sữa cho học sinh Trường Tiểu học Xuân Thuận. Lần thứ nhất tặng 36 thùng, lần thứ hai 58 thùng. Mỗi thùng sữa đều có 24 hộp. Hỏi đơn vị đó đã tặng tất cả bao nhiêu hộp sữa?",,2256,,,,,,,,
q-manual-1772214492221,quiz-1772207252556,MCQ,"Choose the correct answer.
Look at the triangles below. How many triangles have three acute angles?",3 triangles|4 triangles|1 triangle|2 triangles,D,,,,,,,,https://res.cloudinary.com/dwv7hot9x/image/upload/v1772214371/Picture6_ls4fau.png
q-manual-1772214548067,quiz-1772207252556,MCQ,"Choose the correct answer.
There is a broken wooden wheel<i> (as shown in the picture)</i>. The angle formed by the green spoke and the red spoke is:
",right angle|obtuse angle|acute angle,A,,,,,,,,https://res.cloudinary.com/dwv7hot9x/image/upload/v1772214373/Picture7_ldkkjc.png
q-manual-1772215331592,quiz-1772207252556,DROPDOWN,Cho hình sau:,,,,"Góc đỉnh A, cạnh AB, AC bằng [1]","[{""id"":""1"",""options"":[""45°"",""90°"",""""],""correctAnswer"":""45°""}]",[],,,,https://res.cloudinary.com/dwv7hot9x/image/upload/v1772212127/Picture5_a2zllm.png